date,keyword,rank,clicks,impressions,ctr
2024-10-14,marketing analytics,33,78,1567,0.04977664326738992
2024-10-14,ai for business,20,50,5276,0.009476876421531463
2024-10-14,customer segmentation,2,57,18114,0.003146737330241802
2024-10-14,sales forecasting,6,14,12305,0.0011377488825680617
2024-10-15,marketing analytics,42,83,7300,0.01136986301369863
2024-10-15,ai for business,46,35,9455,0.0037017451084082496
2024-10-15,customer segmentation,21,20,11601,0.0017239893112662701
2024-10-15,sales forecasting,46,49,8333,0.005880235209408376
2024-10-16,marketing analytics,19,52,3118,0.01667735728030789
2024-10-16,ai for business,48,29,14802,0.0019591947034184568
2024-10-16,customer segmentation,9,62,4872,0.012725779967159278
2024-10-16,sales forecasting,10,10,18209,0.0005491789774287441
2024-10-17,marketing analytics,39,11,7004,0.0015705311250713877
2024-10-17,ai for business,5,54,16958,0.0031843377756810946
2024-10-17,customer segmentation,16,37,4668,0.007926306769494431
2024-10-17,sales forecasting,24,40,17232,0.002321262766945218
2024-10-18,marketing analytics,26,55,6778,0.008114488049572145
2024-10-18,ai for business,45,65,9359,0.006945186451543969
2024-10-18,customer segmentation,22,69,12901,0.005348422602899
2024-10-18,sales forecasting,45,56,4719,0.01186692095783005
2024-10-19,marketing analytics,34,99,14181,0.00698117199069177
2024-10-19,ai for business,11,87,7083,0.01228293096145701
2024-10-19,customer segmentation,18,50,18200,0.0027472527472527475
2024-10-19,sales forecasting,6,61,12421,0.00491103775863457
2024-10-20,marketing analytics,29,42,7354,0.005711177590426979
2024-10-20,ai for business,5,97,11987,0.008092099774755985
2024-10-20,customer segmentation,4,76,1169,0.06501283147989735
2024-10-20,sales forecasting,26,44,4451,0.009885419006964727
2024-10-21,marketing analytics,42,88,2304,0.03819444444444445
2024-10-21,ai for business,27,52,13926,0.003734022691368663
2024-10-21,customer segmentation,40,46,15051,0.003056275330542821
2024-10-21,sales forecasting,2,29,8181,0.003544798924336878
2024-10-22,marketing analytics,23,57,2596,0.021956856702619414
2024-10-22,ai for business,20,88,15303,0.005750506436646409
2024-10-22,customer segmentation,36,15,2159,0.006947660954145438
2024-10-22,sales forecasting,30,42,4893,0.008583690987124463
2024-10-23,marketing analytics,44,97,11712,0.008282103825136613
2024-10-23,ai for business,22,44,2244,0.0196078431372549
2024-10-23,customer segmentation,15,12,14628,0.0008203445447087777
2024-10-23,sales forecasting,20,86,5270,0.01631878557874763
2024-10-24,marketing analytics,3,87,9297,0.00935785737334624
2024-10-24,ai for business,26,98,14897,0.00657850573941062
2024-10-24,customer segmentation,20,6,8515,0.0007046388725778039
2024-10-24,sales forecasting,43,50,7461,0.006701514542286556
2024-10-25,marketing analytics,24,60,13777,0.004355084561225231
2024-10-25,ai for business,4,19,16164,0.0011754516208859194
2024-10-25,customer segmentation,31,74,13961,0.005300479908316023
2024-10-25,sales forecasting,31,51,4648,0.010972461273666093
2024-10-26,marketing analytics,45,64,17051,0.003753445545715794
2024-10-26,ai for business,32,89,15938,0.005584138536830217
2024-10-26,customer segmentation,3,51,13525,0.0037707948243992607
2024-10-26,sales forecasting,3,88,15135,0.0058143376280145355
2024-10-27,marketing analytics,18,51,10811,0.004717417445194709
2024-10-27,ai for business,5,19,1030,0.018446601941747572
2024-10-27,customer segmentation,32,58,7779,0.007455971204525003
2024-10-27,sales forecasting,37,90,4818,0.0186799501867995
2024-10-28,marketing analytics,7,23,5913,0.003889734483341789
2024-10-28,ai for business,11,87,3751,0.023193814982671288
2024-10-28,customer segmentation,27,17,13634,0.0012468827930174563
2024-10-28,sales forecasting,47,60,14185,0.0042298202326401125
2024-10-29,marketing analytics,18,83,3036,0.027338603425559948
2024-10-29,ai for business,38,35,2873,0.012182387747998607
2024-10-29,customer segmentation,37,34,13907,0.002444811965197383
2024-10-29,sales forecasting,20,84,16516,0.005085977234197142
2024-10-30,marketing analytics,24,87,14996,0.005801547079221126
2024-10-30,ai for business,47,60,17946,0.003343363423604146
2024-10-30,customer segmentation,34,55,1579,0.03483217226092464
2024-10-30,sales forecasting,23,77,11083,0.006947577370747992
2024-10-31,marketing analytics,28,17,1958,0.008682328907048007
2024-10-31,ai for business,27,54,5316,0.010158013544018058
2024-10-31,customer segmentation,34,66,14773,0.004467609828741623
2024-10-31,sales forecasting,4,56,13465,0.0041589305607129595
2024-11-01,marketing analytics,45,56,16327,0.0034299013903350277
2024-11-01,ai for business,15,90,7428,0.012116316639741519
2024-11-01,customer segmentation,44,50,8307,0.006019020103527146
2024-11-01,sales forecasting,44,95,6828,0.013913298183948448
2024-11-02,marketing analytics,5,21,13563,0.0015483300154833
2024-11-02,ai for business,45,19,9729,0.00195292424709631
2024-11-02,customer segmentation,45,69,19622,0.003516461115074916
2024-11-02,sales forecasting,2,56,14968,0.0037413148049171567
2024-11-03,marketing analytics,40,37,9659,0.003830624288228595
2024-11-03,ai for business,43,93,19832,0.004689390883420734
2024-11-03,customer segmentation,1,60,1140,0.05263157894736842
2024-11-03,sales forecasting,36,52,18649,0.0027883532629095396
2024-11-04,marketing analytics,35,36,6078,0.005923000987166831
2024-11-04,ai for business,49,54,7269,0.007428807263722658
2024-11-04,customer segmentation,14,37,3159,0.011712567268122824
2024-11-04,sales forecasting,5,69,8090,0.008529048207663783
2024-11-05,marketing analytics,30,79,15770,0.005009511731135067
2024-11-05,ai for business,4,77,9026,0.008530910702415245
2024-11-05,customer segmentation,8,38,2661,0.014280345734686208
2024-11-05,sales forecasting,24,65,7801,0.00833226509421869
2024-11-06,marketing analytics,47,39,6956,0.005606670500287522
2024-11-06,ai for business,43,57,11786,0.004836246394026812
2024-11-06,customer segmentation,21,55,1393,0.03948312993539124
2024-11-06,sales forecasting,27,67,15866,0.004222866506996092
2024-11-07,marketing analytics,40,10,7408,0.0013498920086393088
2024-11-07,ai for business,9,86,1982,0.04339051463168517
2024-11-07,customer segmentation,35,9,4036,0.0022299306243805748
2024-11-07,sales forecasting,45,95,4116,0.023080660835762875
2024-11-08,marketing analytics,20,31,19916,0.0015565374573207472
2024-11-08,ai for business,27,93,8356,0.01112972714217329
2024-11-08,customer segmentation,41,20,19618,0.0010194719135487816
2024-11-08,sales forecasting,44,77,18576,0.004145133505598622
2024-11-09,marketing analytics,9,92,18692,0.004921891718382195
2024-11-09,ai for business,29,51,4915,0.010376398779247202
2024-11-09,customer segmentation,36,68,7949,0.008554535161655554
2024-11-09,sales forecasting,21,58,4399,0.013184814730620595
2024-11-10,marketing analytics,9,70,9795,0.0071465033180193975
2024-11-10,ai for business,19,88,17665,0.004981602037928107
2024-11-10,customer segmentation,15,38,1473,0.025797691785471828
2024-11-10,sales forecasting,16,85,12291,0.006915629322268326
2024-11-11,marketing analytics,20,95,9649,0.00984557985283449
2024-11-11,ai for business,2,30,11857,0.0025301509656742854
2024-11-11,customer segmentation,9,73,6562,0.011124657116732703
2024-11-11,sales forecasting,44,85,19597,0.004337398581415523
2024-11-12,marketing analytics,26,33,18587,0.0017754344434282026
2024-11-12,ai for business,7,26,19076,0.0013629691759278674
2024-11-12,customer segmentation,29,75,14022,0.005348737697903295
2024-11-12,sales forecasting,5,39,14486,0.002692254590639238
2024-11-13,marketing analytics,40,38,3210,0.011838006230529595
2024-11-13,ai for business,30,5,9534,0.0005244388504300399
2024-11-13,customer segmentation,41,65,9650,0.006735751295336788
2024-11-13,sales forecasting,7,96,9525,0.010078740157480314
2024-11-14,marketing analytics,3,96,7696,0.012474012474012475
2024-11-14,ai for business,45,82,4568,0.01795096322241681
2024-11-14,customer segmentation,20,14,17729,0.0007896666478650798
2024-11-14,sales forecasting,16,38,16287,0.0023331491373488056
2024-11-15,marketing analytics,16,99,7589,0.013045196995651601
2024-11-15,ai for business,40,35,9761,0.0035856981866612026
2024-11-15,customer segmentation,2,60,17872,0.0033572068039391225
2024-11-15,sales forecasting,38,30,11836,0.0025346400811084827
2024-11-16,marketing analytics,8,48,18364,0.002613809627532128
2024-11-16,ai for business,36,54,5927,0.009110848658680615
2024-11-16,customer segmentation,49,39,8202,0.004754937820043892
2024-11-16,sales forecasting,3,43,10095,0.004259534422981674
2024-11-17,marketing analytics,16,26,19471,0.0013353191926454727
2024-11-17,ai for business,42,8,14919,0.0005362289697700918
2024-11-17,customer segmentation,31,58,1560,0.03717948717948718
2024-11-17,sales forecasting,12,36,12109,0.0029729952927574532
2024-11-18,marketing analytics,11,43,18468,0.002328351743556422
2024-11-18,ai for business,15,38,3351,0.011339898537749925
2024-11-18,customer segmentation,28,67,16198,0.00413631312507717
2024-11-18,sales forecasting,3,87,7256,0.011990077177508269
2024-11-19,marketing analytics,11,55,7549,0.007285733209696649
2024-11-19,ai for business,3,41,10058,0.004076357128653808
2024-11-19,customer segmentation,14,34,3286,0.010346926354230066
2024-11-19,sales forecasting,17,35,3098,0.011297611362169141
2024-11-20,marketing analytics,33,57,1201,0.04746044962531224
2024-11-20,ai for business,36,72,1147,0.06277244986922406
2024-11-20,customer segmentation,44,16,18755,0.0008531058384430818
2024-11-20,sales forecasting,5,20,19438,0.001028912439551394
2024-11-21,marketing analytics,42,7,7421,0.0009432691011992993
2024-11-21,ai for business,13,49,1407,0.03482587064676617
2024-11-21,customer segmentation,32,12,1056,0.011363636363636364
2024-11-21,sales forecasting,4,28,16812,0.0016654770402093743
2024-11-22,marketing analytics,26,43,5539,0.007763134139736415
2024-11-22,ai for business,35,64,5241,0.012211410036252623
2024-11-22,customer segmentation,13,52,6158,0.008444300097434233
2024-11-22,sales forecasting,19,26,10699,0.002430133657351154
2024-11-23,marketing analytics,10,43,10705,0.004016814572629613
2024-11-23,ai for business,35,23,11906,0.001931799092894339
2024-11-23,customer segmentation,45,62,11290,0.005491585473870682
2024-11-23,sales forecasting,20,64,15662,0.004086323585748946
2024-11-24,marketing analytics,22,61,7294,0.00836303811351796
2024-11-24,ai for business,20,80,10329,0.007745183464033304
2024-11-24,customer segmentation,20,45,4197,0.010721944245889922
2024-11-24,sales forecasting,5,70,9600,0.007291666666666667
2024-11-25,marketing analytics,22,18,5660,0.0031802120141342758
2024-11-25,ai for business,46,20,16833,0.0011881423394522663
2024-11-25,customer segmentation,17,74,1205,0.061410788381742736
2024-11-25,sales forecasting,23,32,8113,0.003944286946875385
2024-11-26,marketing analytics,1,52,12893,0.004033196308074149
2024-11-26,ai for business,6,37,1734,0.021337946943483274
2024-11-26,customer segmentation,5,75,18143,0.004133825717907733
2024-11-26,sales forecasting,23,89,9144,0.0097331583552056
2024-11-27,marketing analytics,38,96,1398,0.06866952789699571
2024-11-27,ai for business,5,99,16227,0.006100942872989462
2024-11-27,customer segmentation,30,20,14798,0.0013515339910798758
2024-11-27,sales forecasting,32,71,15255,0.004654211733857752
2024-11-28,marketing analytics,13,85,6823,0.012457863110068884
2024-11-28,ai for business,29,6,15737,0.0003812670775878503
2024-11-28,customer segmentation,16,16,10043,0.001593149457333466
2024-11-28,sales forecasting,44,25,15493,0.0016136319628219196
2024-11-29,marketing analytics,20,13,10367,0.0012539789717372432
2024-11-29,ai for business,20,9,2819,0.0031926214969847464
2024-11-29,customer segmentation,21,82,15998,0.005125640705088136
2024-11-29,sales forecasting,13,97,3678,0.026373028820010875
2024-11-30,marketing analytics,46,7,7922,0.0008836152486745772
2024-11-30,ai for business,2,12,17524,0.0006847751654873316
2024-11-30,customer segmentation,3,93,18966,0.004903511546978804
2024-11-30,sales forecasting,13,12,13999,0.0008572040860061433
2024-12-01,marketing analytics,13,22,3145,0.0069952305246422895
2024-12-01,ai for business,24,94,12309,0.007636688601836055
2024-12-01,customer segmentation,33,17,12994,0.001308296136678467
2024-12-01,sales forecasting,40,90,5840,0.015410958904109588
2024-12-02,marketing analytics,9,28,1330,0.021052631578947368
2024-12-02,ai for business,37,96,19825,0.004842370744010088
2024-12-02,customer segmentation,37,21,11211,0.0018731602890018732
2024-12-02,sales forecasting,24,14,9974,0.0014036494886705434
2024-12-03,marketing analytics,10,21,8920,0.0023542600896860988
2024-12-03,ai for business,25,15,8589,0.0017464198393293748
2024-12-03,customer segmentation,49,10,4494,0.0022251891410769915
2024-12-03,sales forecasting,11,5,3108,0.0016087516087516086
2024-12-04,marketing analytics,39,76,11237,0.006763371006496396
2024-12-04,ai for business,16,18,14333,0.001255843159143236
2024-12-04,customer segmentation,3,53,3629,0.014604574262882336
2024-12-04,sales forecasting,34,65,7128,0.009118967452300786
2024-12-05,marketing analytics,25,37,19720,0.0018762677484787018
2024-12-05,ai for business,5,8,2725,0.0029357798165137615
2024-12-05,customer segmentation,9,33,9645,0.003421461897356143
2024-12-05,sales forecasting,12,47,10269,0.004576881877495375
2024-12-06,marketing analytics,11,34,16921,0.0020093375096034514
2024-12-06,ai for business,19,97,6800,0.014264705882352941
2024-12-06,customer segmentation,24,19,13747,0.001382119735214956
2024-12-06,sales forecasting,37,48,3115,0.015409309791332263
2024-12-07,marketing analytics,10,9,16464,0.0005466472303206997
2024-12-07,ai for business,45,16,2752,0.005813953488372093
2024-12-07,customer segmentation,8,28,14472,0.0019347705914870095
2024-12-07,sales forecasting,20,89,15051,0.005913228356919806
2024-12-08,marketing analytics,16,10,15294,0.0006538511834706421
2024-12-08,ai for business,33,80,6432,0.012437810945273632
2024-12-08,customer segmentation,44,88,19701,0.00446677833612507
2024-12-08,sales forecasting,26,26,14017,0.0018548904901191411
2024-12-09,marketing analytics,14,22,11349,0.0019384967838576087
2024-12-09,ai for business,35,5,15132,0.00033042558815754694
2024-12-09,customer segmentation,7,51,19816,0.0025736778360920466
2024-12-09,sales forecasting,20,54,15141,0.0035664751337428175
2024-12-10,marketing analytics,4,15,16478,0.0009103046486224056
2024-12-10,ai for business,13,24,13645,0.0017588860388420666
2024-12-10,customer segmentation,13,66,8806,0.007494889847831024
2024-12-10,sales forecasting,25,31,5258,0.005895777862305059
2024-12-11,marketing analytics,17,96,19071,0.00503382098474123
2024-12-11,ai for business,11,41,15082,0.002718472351147063
2024-12-11,customer segmentation,33,88,17934,0.004906880785100926
2024-12-11,sales forecasting,49,7,2182,0.0032080659945004585
2024-12-12,marketing analytics,15,40,7023,0.005695571693008686
2024-12-12,ai for business,19,80,9204,0.008691873098652759
2024-12-12,customer segmentation,31,9,18683,0.0004817213509607665
2024-12-12,sales forecasting,7,90,15951,0.005642279480910287
2024-12-13,marketing analytics,38,58,4827,0.012015744769007665
2024-12-13,ai for business,26,77,5108,0.015074393108848864
2024-12-13,customer segmentation,11,26,9786,0.002656856734109953
2024-12-13,sales forecasting,42,39,13828,0.0028203644778709864
2024-12-14,marketing analytics,46,18,19673,0.0009149595892848066
2024-12-14,ai for business,21,92,19665,0.004678362573099415
2024-12-14,customer segmentation,26,98,18316,0.00535051321249181
2024-12-14,sales forecasting,12,81,11918,0.006796442356100016
2024-12-15,marketing analytics,29,44,17192,0.0025593299208934387
2024-12-15,ai for business,40,36,9541,0.0037731893931453727
2024-12-15,customer segmentation,22,49,10848,0.0045169616519174045
2024-12-15,sales forecasting,19,97,15869,0.006112546474257987
2024-12-16,marketing analytics,27,40,12801,0.0031247558784469965
2024-12-16,ai for business,8,77,13098,0.005878760116048252
2024-12-16,customer segmentation,34,88,17616,0.004995458673932788
2024-12-16,sales forecasting,7,64,15234,0.00420112905343311
2024-12-17,marketing analytics,13,21,12561,0.0016718414139001673
2024-12-17,ai for business,47,91,17915,0.00507954228300307
2024-12-17,customer segmentation,4,21,5165,0.004065827686350436
2024-12-17,sales forecasting,36,93,7663,0.012136239070859976
2024-12-18,marketing analytics,42,34,1991,0.017076845806127575
2024-12-18,ai for business,1,86,1058,0.08128544423440454
2024-12-18,customer segmentation,33,25,10772,0.0023208317861121426
2024-12-18,sales forecasting,48,51,8449,0.006036217303822937
2024-12-19,marketing analytics,20,12,9393,0.0012775471095496647
2024-12-19,ai for business,25,31,5630,0.005506216696269982
2024-12-19,customer segmentation,29,69,12227,0.005643248548294758
2024-12-19,sales forecasting,41,89,7771,0.011452837472654742
2024-12-20,marketing analytics,45,35,10646,0.003287619763291377
2024-12-20,ai for business,26,14,19766,0.0007082869574015987
2024-12-20,customer segmentation,10,23,3635,0.006327372764786795
2024-12-20,sales forecasting,13,36,15553,0.0023146659808397094
2024-12-21,marketing analytics,18,76,10883,0.00698336855646421
2024-12-21,ai for business,30,58,10832,0.00535450516986706
2024-12-21,customer segmentation,32,95,19949,0.004762143465837886
2024-12-21,sales forecasting,34,48,8455,0.005677114133648729
2024-12-22,marketing analytics,21,79,12858,0.006144034842121636
2024-12-22,ai for business,3,53,2688,0.019717261904761904
2024-12-22,customer segmentation,15,27,8072,0.003344895936570862
2024-12-22,sales forecasting,9,34,12072,0.0028164347249834327
2024-12-23,marketing analytics,15,85,18340,0.004634678298800436
2024-12-23,ai for business,41,52,13151,0.0039540719336932555
2024-12-23,customer segmentation,20,11,6264,0.001756066411238825
2024-12-23,sales forecasting,6,19,2833,0.006706671373102718
2024-12-24,marketing analytics,14,94,14879,0.006317628872908126
2024-12-24,ai for business,19,98,12488,0.007847533632286996
2024-12-24,customer segmentation,47,89,11712,0.007599043715846994
2024-12-24,sales forecasting,22,70,15318,0.004569787178482831
2024-12-25,marketing analytics,41,28,5335,0.005248359887535145
2024-12-25,ai for business,15,66,10585,0.006235238545111006
2024-12-25,customer segmentation,23,11,11151,0.0009864586135772577
2024-12-25,sales forecasting,8,99,10276,0.009634098871156092
2024-12-26,marketing analytics,17,53,3086,0.017174335709656513
2024-12-26,ai for business,10,63,8022,0.007853403141361256
2024-12-26,customer segmentation,28,37,9852,0.003755582622817702
2024-12-26,sales forecasting,6,51,16611,0.0030702546505327797
2024-12-27,marketing analytics,12,70,19940,0.003510531594784353
2024-12-27,ai for business,41,42,14903,0.0028182245185533112
2024-12-27,customer segmentation,21,50,3146,0.01589319771137953
2024-12-27,sales forecasting,7,80,6009,0.013313363288400732
2024-12-28,marketing analytics,6,69,8770,0.007867730900798175
2024-12-28,ai for business,10,20,3118,0.006414368184733804
2024-12-28,customer segmentation,9,85,5373,0.015819839940442955
2024-12-28,sales forecasting,44,62,12238,0.005066187285504167
2024-12-29,marketing analytics,18,70,10123,0.00691494616220488
2024-12-29,ai for business,28,20,11839,0.0016893318692457132
2024-12-29,customer segmentation,32,6,15472,0.00038779731127197516
2024-12-29,sales forecasting,2,18,16754,0.0010743702996299392
2024-12-30,marketing analytics,39,71,7567,0.009382846570635655
2024-12-30,ai for business,33,68,4814,0.014125467386788533
2024-12-30,customer segmentation,8,48,12382,0.003876595057341302
2024-12-30,sales forecasting,16,85,14799,0.005743631326440976
2024-12-31,marketing analytics,15,41,5330,0.007692307692307693
2024-12-31,ai for business,8,72,17045,0.004224112643003814
2024-12-31,customer segmentation,35,19,17403,0.0010917657875079009
2024-12-31,sales forecasting,30,23,13069,0.001759889815594154
2025-01-01,marketing analytics,29,38,15717,0.0024177642043647007
2025-01-01,ai for business,18,42,18775,0.002237017310252996
2025-01-01,customer segmentation,37,99,16258,0.006089309878213802
2025-01-01,sales forecasting,42,77,4505,0.01709211986681465
2025-01-02,marketing analytics,15,88,8275,0.010634441087613293
2025-01-02,ai for business,22,64,1460,0.043835616438356165
2025-01-02,customer segmentation,37,36,1759,0.02046617396247868
2025-01-02,sales forecasting,11,31,2283,0.01357862461673237
2025-01-03,marketing analytics,29,77,9234,0.008338748104829976
2025-01-03,ai for business,43,58,5228,0.011094108645753635
2025-01-03,customer segmentation,23,74,3476,0.021288837744533946
2025-01-03,sales forecasting,1,17,3991,0.004259584064144325
2025-01-04,marketing analytics,14,66,15638,0.004220488553523468
2025-01-04,ai for business,36,64,1311,0.04881769641495042
2025-01-04,customer segmentation,43,22,3303,0.006660611565243718
2025-01-04,sales forecasting,44,7,3028,0.002311756935270806
2025-01-05,marketing analytics,6,98,6126,0.015997388181521383
2025-01-05,ai for business,46,26,12450,0.0020883534136546186
2025-01-05,customer segmentation,35,84,13907,0.006040123678722946
2025-01-05,sales forecasting,16,79,9113,0.008668934489191265
2025-01-06,marketing analytics,26,71,10098,0.007031095266389384
2025-01-06,ai for business,9,8,19906,0.000401888877725309
2025-01-06,customer segmentation,39,36,9593,0.0037527363702699887
2025-01-06,sales forecasting,3,21,13787,0.00152317400449699
2025-01-07,marketing analytics,36,51,18303,0.0027864284543517455
2025-01-07,ai for business,38,37,3877,0.009543461439257158
2025-01-07,customer segmentation,41,45,14596,0.0030830364483420115
2025-01-07,sales forecasting,12,62,15774,0.00393051857487004
2025-01-08,marketing analytics,34,21,18821,0.001115774932256522
2025-01-08,ai for business,49,94,15861,0.005926486350167077
2025-01-08,customer segmentation,12,14,16607,0.0008430180044559523
2025-01-08,sales forecasting,2,59,12416,0.004751932989690721
2025-01-09,marketing analytics,2,65,13328,0.0048769507803121245
2025-01-09,ai for business,3,10,10112,0.0009889240506329115
2025-01-09,customer segmentation,20,40,1961,0.02039775624681285
2025-01-09,sales forecasting,7,45,19826,0.002269746797135075
2025-01-10,marketing analytics,5,54,3574,0.01510912143256855
2025-01-10,ai for business,9,18,2093,0.008600095556617296
2025-01-10,customer segmentation,10,66,11682,0.005649717514124294
2025-01-10,sales forecasting,43,47,2166,0.02169898430286242
2025-01-11,marketing analytics,16,99,15347,0.0064507721378771095
2025-01-11,ai for business,7,47,12002,0.003916013997667055
2025-01-11,customer segmentation,17,10,6017,0.0016619577862722287
2025-01-11,sales forecasting,21,57,15116,0.003770838846255623
2025-01-12,marketing analytics,31,78,11093,0.00703146128188948
2025-01-12,ai for business,49,66,5004,0.013189448441247002
2025-01-12,customer segmentation,8,30,4010,0.007481296758104738
2025-01-12,sales forecasting,24,13,10558,0.0012312938056450084
2025-01-13,marketing analytics,10,95,13152,0.00722323600973236
2025-01-13,ai for business,35,11,15812,0.0006956741715153049
2025-01-13,customer segmentation,5,83,12204,0.006801048836447067
2025-01-13,sales forecasting,11,13,4081,0.0031854937515314874
2025-01-14,marketing analytics,4,65,7227,0.008994050089940501
2025-01-14,ai for business,43,13,18056,0.0007199822773593266
2025-01-14,customer segmentation,29,83,9790,0.008478038815117467
2025-01-14,sales forecasting,49,94,7794,0.01206055940467026
2025-01-15,marketing analytics,8,15,3608,0.0041574279379157425
2025-01-15,ai for business,40,34,3959,0.008588027279616064
2025-01-15,customer segmentation,28,30,14414,0.002081309837657833
2025-01-15,sales forecasting,48,30,15801,0.0018986140117714068
2025-01-16,marketing analytics,21,69,3817,0.0180770238407126
2025-01-16,ai for business,21,19,7626,0.0024914765276685025
2025-01-16,customer segmentation,2,70,6623,0.01056922844632342
2025-01-16,sales forecasting,38,53,19308,0.0027449761756784753
2025-01-17,marketing analytics,25,14,2437,0.005744768157570784
2025-01-17,ai for business,20,16,15294,0.0010461618935530272
2025-01-17,customer segmentation,11,76,11384,0.0066760365425158116
2025-01-17,sales forecasting,10,81,19990,0.004052026013006503
2025-01-18,marketing analytics,21,46,5335,0.008622305529522024
2025-01-18,ai for business,34,10,3641,0.0027464982147761604
2025-01-18,customer segmentation,20,26,9786,0.002656856734109953
2025-01-18,sales forecasting,30,92,4837,0.019020053752325822
2025-01-19,marketing analytics,38,49,15600,0.003141025641025641
2025-01-19,ai for business,29,54,6613,0.008165734159987902
2025-01-19,customer segmentation,19,80,12605,0.006346687822292741
2025-01-19,sales forecasting,34,73,16006,0.004560789703861052
2025-01-20,marketing analytics,41,86,11342,0.007582436959971787
2025-01-20,ai for business,5,83,5672,0.014633286318758815
2025-01-20,customer segmentation,19,27,12230,0.002207686017988553
2025-01-20,sales forecasting,21,46,12217,0.0037652451502005403
2025-01-21,marketing analytics,9,78,12050,0.006473029045643153
2025-01-21,ai for business,6,23,7127,0.0032271643047565596
2025-01-21,customer segmentation,9,41,5078,0.008074044899566759
2025-01-21,sales forecasting,11,38,16973,0.0022388499381370414
2025-01-22,marketing analytics,40,53,12364,0.004286638628275639
2025-01-22,ai for business,43,44,16499,0.0026668282926237954
2025-01-22,customer segmentation,14,69,7559,0.009128191559730122
2025-01-22,sales forecasting,16,63,10291,0.0061218540472257315
2025-01-23,marketing analytics,17,82,14227,0.005763688760806916
2025-01-23,ai for business,37,54,4409,0.01224767520979814
2025-01-23,customer segmentation,1,37,3134,0.011805998723675814
2025-01-23,sales forecasting,14,32,9195,0.003480152256661229
2025-01-24,marketing analytics,35,9,14413,0.0006244362728092694
2025-01-24,ai for business,9,46,1532,0.030026109660574413
2025-01-24,customer segmentation,9,62,11287,0.00549304509612829
2025-01-24,sales forecasting,47,92,11281,0.008155305380728659
2025-01-25,marketing analytics,5,12,16579,0.0007238072260088063
2025-01-25,ai for business,22,96,7767,0.012359984550019312
2025-01-25,customer segmentation,40,87,6490,0.013405238828967643
2025-01-25,sales forecasting,22,24,6681,0.003592276605298608
2025-01-26,marketing analytics,13,97,1423,0.06816584680252986
2025-01-26,ai for business,16,55,10838,0.0050747370363535705
2025-01-26,customer segmentation,24,78,15490,0.005035506778566817
2025-01-26,sales forecasting,35,7,17399,0.00040232197252715676
2025-01-27,marketing analytics,41,76,6098,0.012463102656608724
2025-01-27,ai for business,9,68,11125,0.006112359550561798
2025-01-27,customer segmentation,10,56,5638,0.009932600212841433
2025-01-27,sales forecasting,36,96,19490,0.0049256028732683425
2025-01-28,marketing analytics,1,10,18400,0.0005434782608695652
2025-01-28,ai for business,43,85,14144,0.006009615384615385
2025-01-28,customer segmentation,33,42,18932,0.0022184660891612085
2025-01-28,sales forecasting,20,87,1366,0.0636896046852123
2025-01-29,marketing analytics,20,79,17858,0.004423787658192407
2025-01-29,ai for business,2,72,2402,0.02997502081598668
2025-01-29,customer segmentation,44,67,1732,0.03868360277136259
2025-01-29,sales forecasting,4,73,18156,0.004020709407358449
2025-01-30,marketing analytics,19,96,7964,0.012054244098442994
2025-01-30,ai for business,17,86,12151,0.007077606781334869
2025-01-30,customer segmentation,38,97,18295,0.005301995080623121
2025-01-30,sales forecasting,39,52,5473,0.009501187648456057
2025-01-31,marketing analytics,11,77,16010,0.004809494066208619
2025-01-31,ai for business,20,56,11985,0.0046725073007926575
2025-01-31,customer segmentation,22,68,16638,0.004087029691068638
2025-01-31,sales forecasting,31,99,9286,0.010661210424294637
2025-02-01,marketing analytics,39,97,10824,0.008961566888396156
2025-02-01,ai for business,48,40,4358,0.009178522257916476
2025-02-01,customer segmentation,14,12,8073,0.0014864362690449647
2025-02-01,sales forecasting,23,41,15281,0.002683070479680649
2025-02-02,marketing analytics,36,98,15823,0.006193515768185553
2025-02-02,ai for business,43,30,13671,0.0021944261575597983
2025-02-02,customer segmentation,49,16,2863,0.005588543485853999
2025-02-02,sales forecasting,21,15,12848,0.0011674968866749688
2025-02-03,marketing analytics,35,46,8892,0.0051731893837157
2025-02-03,ai for business,40,92,14024,0.006560182544209926
2025-02-03,customer segmentation,6,67,5326,0.012579797221179122
2025-02-03,sales forecasting,45,8,15783,0.000506874485205601
2025-02-04,marketing analytics,32,28,8039,0.0034830202761537503
2025-02-04,ai for business,9,99,10127,0.009775846746321714
2025-02-04,customer segmentation,17,17,4246,0.004003768252472915
2025-02-04,sales forecasting,16,96,15857,0.006054108595572933
2025-02-05,marketing analytics,44,67,11701,0.005726006324245791
2025-02-05,ai for business,22,14,4936,0.0028363047001620746
2025-02-05,customer segmentation,1,21,16073,0.001306538916194861
2025-02-05,sales forecasting,6,26,1331,0.019534184823441023
2025-02-06,marketing analytics,40,27,16369,0.0016494593438817276
2025-02-06,ai for business,1,46,1281,0.03590944574551132
2025-02-06,customer segmentation,2,19,6378,0.0029789902790843524
2025-02-06,sales forecasting,1,90,2776,0.032420749279538905
2025-02-07,marketing analytics,44,94,3753,0.025046629363176125
2025-02-07,ai for business,20,89,7959,0.011182309335343636
2025-02-07,customer segmentation,3,85,6397,0.013287478505549476
2025-02-07,sales forecasting,31,95,17530,0.005419281232173417
2025-02-08,marketing analytics,46,32,5800,0.005517241379310344
2025-02-08,ai for business,2,87,2246,0.03873552983081033
2025-02-08,customer segmentation,9,82,1629,0.05033763044812769
2025-02-08,sales forecasting,8,54,18183,0.0029698069625474343
2025-02-09,marketing analytics,39,31,16083,0.001927501088105453
2025-02-09,ai for business,18,82,3681,0.022276555283890248
2025-02-09,customer segmentation,40,48,16999,0.0028236955115006766
2025-02-09,sales forecasting,46,40,10798,0.003704389701796629
2025-02-10,marketing analytics,41,92,4914,0.018722018722018723
2025-02-10,ai for business,29,8,2520,0.0031746031746031746
2025-02-10,customer segmentation,49,52,19906,0.002612277705214508
2025-02-10,sales forecasting,12,85,4317,0.0196895992587445
2025-02-11,marketing analytics,39,27,8471,0.0031873450596151577
2025-02-11,ai for business,37,64,9678,0.006612936557139905
2025-02-11,customer segmentation,5,6,15441,0.0003885758694385079
2025-02-11,sales forecasting,22,91,15361,0.005924093483497169
2025-02-12,marketing analytics,13,30,10370,0.0028929604628736743
2025-02-12,ai for business,46,79,18645,0.0042370608742290155
2025-02-12,customer segmentation,9,47,4557,0.010313802940531051
2025-02-12,sales forecasting,26,23,10865,0.002116889093419236
2025-02-13,marketing analytics,42,75,10652,0.007040931280510703
2025-02-13,ai for business,29,97,11756,0.008251105818305546
2025-02-13,customer segmentation,39,80,7509,0.010653882008256758
2025-02-13,sales forecasting,18,51,17136,0.002976190476190476
2025-02-14,marketing analytics,39,62,18610,0.0033315421816227835
2025-02-14,ai for business,38,95,2898,0.032781228433402344
2025-02-14,customer segmentation,43,93,4757,0.019550136640739964
2025-02-14,sales forecasting,18,64,19489,0.0032839037405716044
2025-02-15,marketing analytics,19,93,4845,0.019195046439628483
2025-02-15,ai for business,23,6,15544,0.00038600102933607824
2025-02-15,customer segmentation,38,10,10245,0.0009760858955588092
2025-02-15,sales forecasting,8,12,17172,0.0006988120195667365
2025-02-16,marketing analytics,6,44,15820,0.002781289506953224
2025-02-16,ai for business,1,71,7715,0.009202851587815943
2025-02-16,customer segmentation,11,46,15743,0.002921933557771708
2025-02-16,sales forecasting,16,70,19702,0.0035529387879403105
2025-02-17,marketing analytics,45,60,1034,0.058027079303675046
2025-02-17,ai for business,23,84,5422,0.01549243821468093
2025-02-17,customer segmentation,8,43,11478,0.0037462972643317652
2025-02-17,sales forecasting,10,50,15921,0.0031405062496074367
2025-02-18,marketing analytics,6,60,8914,0.006730984967466906
2025-02-18,ai for business,39,67,13747,0.004873790645231687
2025-02-18,customer segmentation,38,91,9589,0.00949004067160288
2025-02-18,sales forecasting,49,46,3210,0.014330218068535825
2025-02-19,marketing analytics,38,62,6451,0.00961091303673849
2025-02-19,ai for business,47,20,8313,0.0024058703235895584
2025-02-19,customer segmentation,47,12,7094,0.0016915703411333521
2025-02-19,sales forecasting,21,69,1230,0.05609756097560976
2025-02-20,marketing analytics,12,85,9753,0.008715267097303393
2025-02-20,ai for business,44,40,6522,0.0061330880098129405
2025-02-20,customer segmentation,2,16,7931,0.002017400075652503
2025-02-20,sales forecasting,38,23,1068,0.02153558052434457
2025-02-21,marketing analytics,15,77,4438,0.017350157728706624
2025-02-21,ai for business,42,55,12285,0.004477004477004477
2025-02-21,customer segmentation,49,45,8141,0.005527576464807763
2025-02-21,sales forecasting,35,31,5709,0.005430022771063234
2025-02-22,marketing analytics,34,69,18013,0.003830566812857381
2025-02-22,ai for business,3,41,16119,0.0025435821080712203
2025-02-22,customer segmentation,8,49,12926,0.0037908092217236577
2025-02-22,sales forecasting,37,14,8613,0.0016254499013119703
2025-02-23,marketing analytics,39,74,7513,0.00984959403700253
2025-02-23,ai for business,26,85,19397,0.0043821209465381246
2025-02-23,customer segmentation,5,91,9525,0.009553805774278215
2025-02-23,sales forecasting,15,23,9827,0.0023404904853973744
2025-02-24,marketing analytics,27,33,19534,0.0016893621378109961
2025-02-24,ai for business,31,71,3381,0.020999704229517895
2025-02-24,customer segmentation,44,29,9977,0.002906685376365641
2025-02-24,sales forecasting,49,68,11994,0.005669501417375354
2025-02-25,marketing analytics,24,78,5352,0.014573991031390135
2025-02-25,ai for business,3,49,3687,0.013289937618660158
2025-02-25,customer segmentation,21,26,16748,0.0015524241700501553
2025-02-25,sales forecasting,15,19,5005,0.003796203796203796
2025-02-26,marketing analytics,21,98,9686,0.010117695643196365
2025-02-26,ai for business,23,69,7355,0.00938137321549966
2025-02-26,customer segmentation,6,30,16086,0.001864975755315181
2025-02-26,sales forecasting,14,35,10954,0.0031951798429797336
2025-02-27,marketing analytics,26,34,1374,0.024745269286754003
2025-02-27,ai for business,28,81,15463,0.005238310806441182
2025-02-27,customer segmentation,48,92,19988,0.004602761656994196
2025-02-27,sales forecasting,16,40,8779,0.004556327599954437
2025-02-28,marketing analytics,7,38,8283,0.004587709766992636
2025-02-28,ai for business,34,21,3782,0.005552617662612375
2025-02-28,customer segmentation,18,70,6272,0.011160714285714286
2025-02-28,sales forecasting,31,96,11442,0.008390141583639224
2025-03-01,marketing analytics,15,15,1632,0.009191176470588236
2025-03-01,ai for business,49,12,6464,0.0018564356435643563
2025-03-01,customer segmentation,19,51,16154,0.0031571127894020057
2025-03-01,sales forecasting,30,5,9355,0.0005344735435595938
2025-03-02,marketing analytics,20,15,18600,0.0008064516129032258
2025-03-02,ai for business,48,55,15351,0.003582828480229301
2025-03-02,customer segmentation,19,64,3899,0.016414465247499357
2025-03-02,sales forecasting,11,6,6414,0.0009354536950420954
2025-03-03,marketing analytics,11,32,4598,0.006959547629404089
2025-03-03,ai for business,37,34,14529,0.002340147291623649
2025-03-03,customer segmentation,26,33,15222,0.0021679148600709497
2025-03-03,sales forecasting,29,52,16063,0.003237253315071904
2025-03-04,marketing analytics,13,71,12503,0.005678637127089499
2025-03-04,ai for business,39,22,10271,0.002141953071755428
2025-03-04,customer segmentation,5,32,14131,0.0022645248036232395
2025-03-04,sales forecasting,34,12,9570,0.0012539184952978057
2025-03-05,marketing analytics,2,94,18065,0.005203432050927207
2025-03-05,ai for business,34,47,2631,0.017863930064614217
2025-03-05,customer segmentation,4,67,11878,0.0056406802492002025
2025-03-05,sales forecasting,39,35,1241,0.028203062046736505
2025-03-06,marketing analytics,23,59,2767,0.021322732200939647
2025-03-06,ai for business,14,97,8807,0.01101396616327921
2025-03-06,customer segmentation,14,58,4481,0.012943539388529346
2025-03-06,sales forecasting,39,61,12003,0.005082062817628926
2025-03-07,marketing analytics,6,19,6348,0.0029930686830497793
2025-03-07,ai for business,3,42,5737,0.007320899424786474
2025-03-07,customer segmentation,20,53,14748,0.0035937076213723895
2025-03-07,sales forecasting,24,29,5893,0.004921092821992194
2025-03-08,marketing analytics,31,72,8164,0.008819206271435572
2025-03-08,ai for business,31,97,9339,0.010386551022593426
2025-03-08,customer segmentation,10,15,11755,0.0012760527435133986
2025-03-08,sales forecasting,22,84,10227,0.008213552361396304
2025-03-09,marketing analytics,44,91,11334,0.00802893947414858
2025-03-09,ai for business,29,8,4343,0.0018420446695832373
2025-03-09,customer segmentation,27,72,14723,0.004890307681858317
2025-03-09,sales forecasting,5,50,3102,0.016118633139909737
2025-03-10,marketing analytics,7,34,13990,0.0024303073624017154
2025-03-10,ai for business,39,34,4853,0.007005975685143211
2025-03-10,customer segmentation,39,88,19635,0.004481792717086834
2025-03-10,sales forecasting,36,41,15843,0.002587893706999937
2025-03-11,marketing analytics,24,92,14314,0.00642727399748498
2025-03-11,ai for business,41,52,5720,0.00909090909090909
2025-03-11,customer segmentation,22,73,16716,0.004367073462550849
2025-03-11,sales forecasting,37,19,6564,0.002894576477757465
2025-03-12,marketing analytics,21,85,6254,0.013591301566997121
2025-03-12,ai for business,46,40,13822,0.0028939372015627262
2025-03-12,customer segmentation,2,76,9691,0.007842327933133835
2025-03-12,sales forecasting,9,95,15558,0.0061061833140506495
2025-03-13,marketing analytics,42,20,5762,0.003471017007983339
2025-03-13,ai for business,6,19,10092,0.0018826793499801824
2025-03-13,customer segmentation,15,26,10369,0.0025074742019481145
2025-03-13,sales forecasting,45,16,17110,0.000935125657510228
2025-03-14,marketing analytics,42,72,8725,0.00825214899713467
2025-03-14,ai for business,36,72,8827,0.008156791661946302
2025-03-14,customer segmentation,8,50,3747,0.013344008540165465
2025-03-14,sales forecasting,15,35,18284,0.0019142419601837673
2025-03-15,marketing analytics,31,69,15969,0.004320871688897238
2025-03-15,ai for business,36,16,17536,0.0009124087591240876
2025-03-15,customer segmentation,48,65,8135,0.007990165949600492
2025-03-15,sales forecasting,24,50,10534,0.004746535029428517
2025-03-16,marketing analytics,10,10,18906,0.0005289326139849783
2025-03-16,ai for business,5,27,8168,0.003305582761998041
2025-03-16,customer segmentation,21,25,3863,0.0064716541548019675
2025-03-16,sales forecasting,47,69,1865,0.036997319034852545
2025-03-17,marketing analytics,25,98,13173,0.007439459500493434
2025-03-17,ai for business,10,80,7154,0.01118255521386637
2025-03-17,customer segmentation,5,7,10755,0.0006508600650860065
2025-03-17,sales forecasting,37,47,17892,0.002626872345182204
2025-03-18,marketing analytics,19,32,1038,0.030828516377649325
2025-03-18,ai for business,42,89,4386,0.020291837665298677
2025-03-18,customer segmentation,30,33,15358,0.00214871728089595
2025-03-18,sales forecasting,26,96,7301,0.01314888371455965
2025-03-19,marketing analytics,1,36,18065,0.0019928037641848877
2025-03-19,ai for business,1,70,13777,0.005080931988096102
2025-03-19,customer segmentation,6,26,2739,0.009492515516611903
2025-03-19,sales forecasting,2,67,13305,0.005035700864336716
2025-03-20,marketing analytics,24,46,10164,0.00452577725304998
2025-03-20,ai for business,37,19,6542,0.002904310608376643
2025-03-20,customer segmentation,15,48,17735,0.0027065125458133636
2025-03-20,sales forecasting,38,31,17962,0.0017258657165126379
2025-03-21,marketing analytics,24,92,14532,0.006330856041838701
2025-03-21,ai for business,4,91,12187,0.007466973004020678
2025-03-21,customer segmentation,1,66,12523,0.005270302643136628
2025-03-21,sales forecasting,45,97,10218,0.009493051477784302
2025-03-22,marketing analytics,2,99,3348,0.02956989247311828
2025-03-22,ai for business,41,90,15639,0.005754843660080567
2025-03-22,customer segmentation,31,36,15901,0.0022640085529212
2025-03-22,sales forecasting,13,13,5056,0.0025712025316455694
2025-03-23,marketing analytics,14,74,13932,0.005311513063451048
2025-03-23,ai for business,36,70,8205,0.008531383302864107
2025-03-23,customer segmentation,2,39,11149,0.003498071575926092
2025-03-23,sales forecasting,23,57,2148,0.02653631284916201
2025-03-24,marketing analytics,17,82,16712,0.004906653901388224
2025-03-24,ai for business,47,87,19827,0.004387955817824179
2025-03-24,customer segmentation,47,29,9909,0.00292663235442527
2025-03-24,sales forecasting,7,70,1214,0.057660626029654036
2025-03-25,marketing analytics,35,30,18703,0.001604020745334973
2025-03-25,ai for business,27,92,18679,0.004925317201134965
2025-03-25,customer segmentation,24,84,9732,0.008631319358816275
2025-03-25,sales forecasting,49,17,1403,0.012116892373485389
2025-03-26,marketing analytics,23,50,7935,0.00630119722747322
2025-03-26,ai for business,40,34,17122,0.001985749328349492
2025-03-26,customer segmentation,45,85,13943,0.006096249013842071
2025-03-26,sales forecasting,13,64,17385,0.0036813344837503593
2025-03-27,marketing analytics,15,99,2884,0.03432732316227462
2025-03-27,ai for business,45,5,5319,0.0009400263207369807
2025-03-27,customer segmentation,43,27,8424,0.003205128205128205
2025-03-27,sales forecasting,13,28,1289,0.021722265321955005
2025-03-28,marketing analytics,21,64,19220,0.0033298647242455777
2025-03-28,ai for business,36,86,16357,0.005257687840068472
2025-03-28,customer segmentation,30,8,17614,0.0004541841716816169
2025-03-28,sales forecasting,7,31,14746,0.00210226502102265
2025-03-29,marketing analytics,34,49,10848,0.0045169616519174045
2025-03-29,ai for business,17,7,15757,0.000444247001332741
2025-03-29,customer segmentation,21,98,9020,0.010864745011086474
2025-03-29,sales forecasting,44,8,13339,0.0005997451083289602
2025-03-30,marketing analytics,19,67,4087,0.01639344262295082
2025-03-30,ai for business,42,76,14985,0.005071738405071738
2025-03-30,customer segmentation,37,54,7538,0.00716370390023879
2025-03-30,sales forecasting,11,61,5671,0.010756480338564627
2025-03-31,marketing analytics,46,5,5035,0.0009930486593843098
2025-03-31,ai for business,28,88,13475,0.006530612244897959
2025-03-31,customer segmentation,10,36,8729,0.004124183755298431
2025-03-31,sales forecasting,39,39,1811,0.02153506350082827
2025-04-01,marketing analytics,5,12,2876,0.004172461752433936
2025-04-01,ai for business,13,79,2057,0.038405444822557123
2025-04-01,customer segmentation,12,93,13320,0.006981981981981982
2025-04-01,sales forecasting,33,5,1513,0.003304692663582287
2025-04-02,marketing analytics,39,75,7459,0.010054967153773964
2025-04-02,ai for business,45,16,15306,0.0010453416960669018
2025-04-02,customer segmentation,3,5,10836,0.0004614248800295312
2025-04-02,sales forecasting,16,60,3277,0.0183094293561184
2025-04-03,marketing analytics,34,51,12309,0.004143309773336583
2025-04-03,ai for business,12,55,15762,0.003489404897855602
2025-04-03,customer segmentation,9,47,6848,0.006863317757009346
2025-04-03,sales forecasting,43,51,18475,0.0027604871447902573
2025-04-04,marketing analytics,48,25,14179,0.0017631708865223218
2025-04-04,ai for business,25,93,10416,0.008928571428571428
2025-04-04,customer segmentation,2,68,4404,0.015440508628519528
2025-04-04,sales forecasting,6,79,13389,0.005900365972066622
2025-04-05,marketing analytics,23,68,5176,0.01313755795981453
2025-04-05,ai for business,30,13,12808,0.0010149906308557152
2025-04-05,customer segmentation,20,35,14992,0.0023345784418356457
2025-04-05,sales forecasting,46,44,13739,0.0032025620496397116
2025-04-06,marketing analytics,6,17,7833,0.0021703051193667816
2025-04-06,ai for business,13,18,6475,0.0027799227799227798
2025-04-06,customer segmentation,11,19,16992,0.0011181732580037664
2025-04-06,sales forecasting,27,95,3763,0.025245814509699708
2025-04-07,marketing analytics,8,27,13041,0.002070393374741201
2025-04-07,ai for business,18,57,19840,0.002872983870967742
2025-04-07,customer segmentation,24,42,12341,0.003403289846851957
2025-04-07,sales forecasting,3,27,8540,0.003161592505854801
2025-04-08,marketing analytics,46,26,19213,0.0013532504033727164
2025-04-08,ai for business,49,56,7430,0.007537012113055182
2025-04-08,customer segmentation,28,40,17199,0.002325716611430897
2025-04-08,sales forecasting,25,82,12741,0.006435915548230123
2025-04-09,marketing analytics,14,30,7140,0.004201680672268907
2025-04-09,ai for business,26,98,12897,0.0075986663565170195
2025-04-09,customer segmentation,10,55,4975,0.011055276381909548
2025-04-09,sales forecasting,8,30,9646,0.003110097449720091
2025-04-10,marketing analytics,4,88,7457,0.011800992356175405
2025-04-10,ai for business,49,21,8470,0.0024793388429752068
2025-04-10,customer segmentation,9,74,3944,0.018762677484787018
2025-04-10,sales forecasting,27,64,18221,0.0035124307118160366
2025-04-11,marketing analytics,48,71,7126,0.009963513892786977
2025-04-11,ai for business,48,98,17742,0.00552361627775899
2025-04-11,customer segmentation,1,61,15127,0.004032524624842996
2025-04-11,sales forecasting,28,89,17141,0.005192229158158801
2025-04-12,marketing analytics,46,63,4297,0.014661391668606005
2025-04-12,ai for business,42,99,3896,0.025410677618069814
2025-04-12,customer segmentation,32,89,12877,0.006911547720742409
2025-04-12,sales forecasting,5,29,17119,0.0016940241836555874
2025-04-13,marketing analytics,47,43,9156,0.004696373962429008
2025-04-13,ai for business,39,24,9710,0.0024716786817713696
2025-04-13,customer segmentation,43,48,9519,0.005042546485975417
2025-04-13,sales forecasting,31,17,6678,0.002545672356993112
2025-04-14,marketing analytics,19,76,10882,0.006984010292225694
2025-04-14,ai for business,23,88,10934,0.008048289738430584
2025-04-14,customer segmentation,37,14,9655,0.0014500258933195236
2025-04-14,sales forecasting,19,82,3202,0.02560899437851343
2025-04-15,marketing analytics,24,44,19636,0.0022407822367080873
2025-04-15,ai for business,9,81,1586,0.0510718789407314
2025-04-15,customer segmentation,38,46,13250,0.003471698113207547
2025-04-15,sales forecasting,23,24,13302,0.0018042399639152007
2025-04-16,marketing analytics,37,6,10849,0.0005530463637201586
2025-04-16,ai for business,46,50,9087,0.005502366017387477
2025-04-16,customer segmentation,1,96,15285,0.006280667320902846
2025-04-16,sales forecasting,42,57,6587,0.008653408228328526
2025-04-17,marketing analytics,8,44,5858,0.0075110959371799246
2025-04-17,ai for business,21,97,14150,0.006855123674911661
2025-04-17,customer segmentation,38,66,5713,0.011552599334850342
2025-04-17,sales forecasting,44,99,16560,0.005978260869565218
2025-04-18,marketing analytics,4,84,7601,0.01105117747664781
2025-04-18,ai for business,41,6,10946,0.0005481454412570802
2025-04-18,customer segmentation,26,14,17827,0.0007853256296628709
2025-04-18,sales forecasting,44,62,14111,0.004393735383743179
2025-04-19,marketing analytics,18,44,6753,0.006515622686213534
2025-04-19,ai for business,38,63,8870,0.0071025930101465615
2025-04-19,customer segmentation,36,40,14586,0.002742355683532154
2025-04-19,sales forecasting,12,76,16504,0.0046049442559379546
2025-04-20,marketing analytics,41,35,19514,0.001793584093471354
2025-04-20,ai for business,46,97,10029,0.009671951341110778
2025-04-20,customer segmentation,23,80,13524,0.005915409642117717
2025-04-20,sales forecasting,11,45,7088,0.006348758465011287
2025-04-21,marketing analytics,47,15,10284,0.0014585764294049008
2025-04-21,ai for business,18,90,11255,0.007996446023989337
2025-04-21,customer segmentation,33,21,10289,0.0020410146758674313
2025-04-21,sales forecasting,33,81,4696,0.017248722316865417
2025-04-22,marketing analytics,13,8,15974,0.0005008138224615
2025-04-22,ai for business,11,7,16591,0.00042191549635344465
2025-04-22,customer segmentation,40,32,11237,0.0028477351606300614
2025-04-22,sales forecasting,29,29,8566,0.0033854774690637406
2025-04-23,marketing analytics,5,57,14508,0.003928866832092638
2025-04-23,ai for business,47,6,17472,0.00034340659340659343
2025-04-23,customer segmentation,33,61,2292,0.026614310645724257
2025-04-23,sales forecasting,33,12,11572,0.0010369858278603526
2025-04-24,marketing analytics,35,76,9131,0.008323294272259337
2025-04-24,ai for business,12,78,2524,0.030903328050713153
2025-04-24,customer segmentation,21,7,10969,0.0006381620931716656
2025-04-24,sales forecasting,40,19,2685,0.00707635009310987
2025-04-25,marketing analytics,25,32,12051,0.0026553812961579953
2025-04-25,ai for business,5,8,5697,0.00140424784974548
2025-04-25,customer segmentation,8,44,3501,0.012567837760639817
2025-04-25,sales forecasting,12,78,13715,0.005687203791469194
2025-04-26,marketing analytics,20,33,2948,0.011194029850746268
2025-04-26,ai for business,28,29,9780,0.002965235173824131
2025-04-26,customer segmentation,19,41,5325,0.007699530516431925
2025-04-26,sales forecasting,40,8,15827,0.0005054653440323498
2025-04-27,marketing analytics,17,59,19356,0.003048150444306675
2025-04-27,ai for business,46,54,19786,0.002729202466390377
2025-04-27,customer segmentation,28,88,15326,0.005741876549654182
2025-04-27,sales forecasting,28,47,18315,0.0025662025662025662
2025-04-28,marketing analytics,22,98,3099,0.03162310422717005
2025-04-28,ai for business,49,47,11470,0.004097646033129904
2025-04-28,customer segmentation,37,96,2665,0.03602251407129456
2025-04-28,sales forecasting,3,23,15536,0.00148043254376931
2025-04-29,marketing analytics,4,68,5472,0.012426900584795321
2025-04-29,ai for business,6,72,1829,0.03936577364680153
2025-04-29,customer segmentation,4,64,7045,0.00908445706174592
2025-04-29,sales forecasting,33,45,18511,0.00243098698071417
2025-04-30,marketing analytics,10,10,7477,0.0013374348000534974
2025-04-30,ai for business,45,75,16190,0.004632489190858555
2025-04-30,customer segmentation,9,52,2212,0.023508137432188065
2025-04-30,sales forecasting,17,92,12142,0.007577005435677813
2025-05-01,marketing analytics,33,53,18711,0.0028325583881139435
2025-05-01,ai for business,36,40,19581,0.002042796588529697
2025-05-01,customer segmentation,8,70,14668,0.004772293427870194
2025-05-01,sales forecasting,24,99,16571,0.00597429243859755
2025-05-02,marketing analytics,32,80,2847,0.028099754127151388
2025-05-02,ai for business,43,53,14862,0.003566141838245189
2025-05-02,customer segmentation,13,47,5011,0.009379365396128518
2025-05-02,sales forecasting,39,10,13061,0.0007656381594058648
2025-05-03,marketing analytics,15,45,15502,0.002902851245000645
2025-05-03,ai for business,43,75,9247,0.00811073861793014
2025-05-03,customer segmentation,30,44,19688,0.0022348638764729785
2025-05-03,sales forecasting,34,10,3841,0.0026034886748242643
2025-05-04,marketing analytics,11,23,1298,0.017719568567026195
2025-05-04,ai for business,49,26,5707,0.004555808656036446
2025-05-04,customer segmentation,35,92,6941,0.013254574268837343
2025-05-04,sales forecasting,34,98,13660,0.007174231332357247
2025-05-05,marketing analytics,25,86,12463,0.006900425258765947
2025-05-05,ai for business,34,12,11493,0.0010441138084051162
2025-05-05,customer segmentation,24,58,6702,0.008654133094598627
2025-05-05,sales forecasting,34,18,6293,0.002860320991577944
2025-05-06,marketing analytics,36,50,17843,0.002802219357731323
2025-05-06,ai for business,42,69,11094,0.006219578150351541
2025-05-06,customer segmentation,7,42,15034,0.0027936676865770917
2025-05-06,sales forecasting,28,24,14987,0.0016013878694868886
2025-05-07,marketing analytics,42,91,18997,0.004790230036321524
2025-05-07,ai for business,46,14,9556,0.0014650481372959396
2025-05-07,customer segmentation,23,85,1220,0.06967213114754098
2025-05-07,sales forecasting,16,99,9325,0.010616621983914208
2025-05-08,marketing analytics,35,51,19795,0.0025764081838848193
2025-05-08,ai for business,3,16,8746,0.001829407729247656
2025-05-08,customer segmentation,40,85,18895,0.00449854458851548
2025-05-08,sales forecasting,47,79,9018,0.008760257263251275
2025-05-09,marketing analytics,11,74,11149,0.006637366579962329
2025-05-09,ai for business,49,37,9755,0.0037929267042542286
2025-05-09,customer segmentation,37,52,9142,0.0056880332531174796
2025-05-09,sales forecasting,16,16,10158,0.0015751132112620594
2025-05-10,marketing analytics,42,70,11961,0.005852353482150322
2025-05-10,ai for business,10,53,12766,0.004151652827823907
2025-05-10,customer segmentation,49,45,15993,0.0028137310073157004
2025-05-10,sales forecasting,18,5,5067,0.0009867771857114663
2025-05-11,marketing analytics,22,89,9035,0.009850581073602656
2025-05-11,ai for business,18,80,8465,0.009450679267572357
2025-05-11,customer segmentation,43,79,14681,0.005381104829371296
2025-05-11,sales forecasting,30,79,3743,0.021106064654020838
2025-05-12,marketing analytics,11,13,18605,0.0006987368986831496
2025-05-12,ai for business,45,90,12961,0.006943908649023995
2025-05-12,customer segmentation,31,85,8802,0.009656896159963645
2025-05-12,sales forecasting,3,71,12890,0.005508145849495733
2025-05-13,marketing analytics,11,94,10282,0.00914219023536277
2025-05-13,ai for business,26,61,7272,0.008388338833883388
2025-05-13,customer segmentation,13,10,16947,0.0005900749395173187
2025-05-13,sales forecasting,30,61,16976,0.0035933081998114984
2025-05-14,marketing analytics,20,44,18324,0.0024012224405151714
2025-05-14,ai for business,28,63,3401,0.018523963540135253
2025-05-14,customer segmentation,26,7,9084,0.0007705856450902686
2025-05-14,sales forecasting,3,41,18398,0.002228503098162844
2025-05-15,marketing analytics,42,12,15598,0.0007693294012052828
2025-05-15,ai for business,18,28,14560,0.0019230769230769232
2025-05-15,customer segmentation,23,15,17293,0.0008674029954316776
2025-05-15,sales forecasting,9,91,13073,0.006960911802952651
2025-05-16,marketing analytics,10,9,17382,0.0005177770107007249
2025-05-16,ai for business,30,62,8208,0.007553606237816764
2025-05-16,customer segmentation,40,25,14378,0.0017387675615523717
2025-05-16,sales forecasting,27,60,1756,0.03416856492027335
2025-05-17,marketing analytics,22,23,5732,0.004012561060711794
2025-05-17,ai for business,27,89,12673,0.0070228043872800445
2025-05-17,customer segmentation,37,88,18428,0.00477534187106577
2025-05-17,sales forecasting,39,95,11553,0.008222972388124297
2025-05-18,marketing analytics,24,99,13653,0.007251153592617007
2025-05-18,ai for business,12,53,7940,0.006675062972292191
2025-05-18,customer segmentation,8,17,16388,0.001037344398340249
2025-05-18,sales forecasting,34,59,11215,0.005260811413285778
2025-05-19,marketing analytics,31,19,12827,0.0014812504872534498
2025-05-19,ai for business,44,65,7911,0.008216407533813678
2025-05-19,customer segmentation,38,87,15054,0.005779194898365883
2025-05-19,sales forecasting,27,75,6754,0.01110453064850459
2025-05-20,marketing analytics,2,52,15174,0.003426914458942929
2025-05-20,ai for business,23,54,14147,0.003817063688414505
2025-05-20,customer segmentation,18,15,14771,0.0010155033511610588
2025-05-20,sales forecasting,43,19,2400,0.007916666666666667
2025-05-21,marketing analytics,11,6,10053,0.000596836765144733
2025-05-21,ai for business,27,80,5300,0.01509433962264151
2025-05-21,customer segmentation,39,34,19248,0.0017664172901080632
2025-05-21,sales forecasting,6,41,10631,0.0038566456589220204
2025-05-22,marketing analytics,10,81,10037,0.008070140480223174
2025-05-22,ai for business,28,27,16074,0.0016797312430011197
2025-05-22,customer segmentation,28,84,3138,0.02676864244741874
2025-05-22,sales forecasting,28,17,8451,0.0020115962607975386
2025-05-23,marketing analytics,24,16,14947,0.001070448919515622
2025-05-23,ai for business,19,36,8892,0.004048582995951417
2025-05-23,customer segmentation,24,53,12252,0.004325824355207313
2025-05-23,sales forecasting,7,86,4373,0.019666133089412303
2025-05-24,marketing analytics,2,68,6125,0.011102040816326531
2025-05-24,ai for business,32,97,13056,0.00742953431372549
2025-05-24,customer segmentation,18,89,6000,0.014833333333333334
2025-05-24,sales forecasting,32,84,12268,0.006847081838930551
2025-05-25,marketing analytics,13,8,13563,0.0005898400058984
2025-05-25,ai for business,31,62,10376,0.005975327679259831
2025-05-25,customer segmentation,2,30,3375,0.008888888888888889
2025-05-25,sales forecasting,23,34,18351,0.0018527600675712495
2025-05-26,marketing analytics,34,39,10274,0.0037959898773603272
2025-05-26,ai for business,2,9,19746,0.00045578851412944393
2025-05-26,customer segmentation,42,17,2144,0.00792910447761194
2025-05-26,sales forecasting,7,58,19083,0.0030393543992034795
2025-05-27,marketing analytics,32,37,6557,0.005642824462406588
2025-05-27,ai for business,34,13,1081,0.012025901942645698
2025-05-27,customer segmentation,19,53,13467,0.003935546149847776
2025-05-27,sales forecasting,48,68,9600,0.007083333333333333
2025-05-28,marketing analytics,32,23,4260,0.00539906103286385
2025-05-28,ai for business,8,13,1189,0.010933557611438183
2025-05-28,customer segmentation,5,27,4455,0.006060606060606061
2025-05-28,sales forecasting,7,81,5325,0.015211267605633802
2025-05-29,marketing analytics,39,73,2383,0.03063365505665128
2025-05-29,ai for business,45,13,1356,0.009587020648967551
2025-05-29,customer segmentation,28,84,2700,0.03111111111111111
2025-05-29,sales forecasting,10,91,14392,0.00632295719844358
2025-05-30,marketing analytics,35,94,6980,0.013467048710601719
2025-05-30,ai for business,35,33,9451,0.0034916940006348533
2025-05-30,customer segmentation,15,27,2329,0.011592958351223702
2025-05-30,sales forecasting,39,72,8373,0.008599068434252956
2025-05-31,marketing analytics,42,30,13603,0.0022053958685584064
2025-05-31,ai for business,16,67,12544,0.005341198979591837
2025-05-31,customer segmentation,27,44,4053,0.01085615593387614
2025-05-31,sales forecasting,36,16,17191,0.0009307195625618056
2025-06-01,marketing analytics,36,6,1592,0.0037688442211055275
2025-06-01,ai for business,3,53,19323,0.002742845313874657
2025-06-01,customer segmentation,36,72,19916,0.003615183771841735
2025-06-01,sales forecasting,20,23,17779,0.00129366106080207
2025-06-02,marketing analytics,20,42,1829,0.022963367960634227
2025-06-02,ai for business,40,67,2120,0.03160377358490566
2025-06-02,customer segmentation,20,5,18814,0.0002657595407675136
2025-06-02,sales forecasting,6,49,14577,0.003361459833985045
2025-06-03,marketing analytics,38,27,19273,0.0014009235718362475
2025-06-03,ai for business,10,45,6661,0.00675574238102387
2025-06-03,customer segmentation,17,46,3792,0.012130801687763712
2025-06-03,sales forecasting,27,95,1019,0.09322865554465162
2025-06-04,marketing analytics,2,73,10828,0.006741780568895456
2025-06-04,ai for business,39,92,9343,0.009846944236326661
2025-06-04,customer segmentation,7,17,3986,0.004264927245358756
2025-06-04,sales forecasting,8,84,12125,0.0069278350515463915
2025-06-05,marketing analytics,26,93,3254,0.02858020897357099
2025-06-05,ai for business,34,19,9532,0.0019932857742341586
2025-06-05,customer segmentation,18,88,9589,0.009177182187923662
2025-06-05,sales forecasting,18,72,10609,0.006786690545763032
2025-06-06,marketing analytics,46,73,11860,0.006155143338954469
2025-06-06,ai for business,40,10,6824,0.0014654161781946073
2025-06-06,customer segmentation,46,7,17091,0.00040957228950909836
2025-06-06,sales forecasting,42,69,18442,0.003741459711528034
2025-06-07,marketing analytics,5,91,13109,0.006941795712869021
2025-06-07,ai for business,7,42,7319,0.005738488864598989
2025-06-07,customer segmentation,25,56,18699,0.0029948125568212206
2025-06-07,sales forecasting,4,41,18755,0.0021860837110103974
2025-06-08,marketing analytics,47,12,18639,0.0006438113632705617
2025-06-08,ai for business,12,94,2544,0.036949685534591194
2025-06-08,customer segmentation,44,73,11328,0.006444209039548022
2025-06-08,sales forecasting,10,75,2978,0.025184687709872398
2025-06-09,marketing analytics,4,65,9007,0.0072166093038747645
2025-06-09,ai for business,5,91,7832,0.01161899897854954
2025-06-09,customer segmentation,39,26,6616,0.003929866989117291
2025-06-09,sales forecasting,27,79,8110,0.009741060419235512
2025-06-10,marketing analytics,37,65,16765,0.0038771249627199524
2025-06-10,ai for business,33,83,1718,0.04831199068684517
2025-06-10,customer segmentation,23,80,13912,0.005750431282346176
2025-06-10,sales forecasting,12,33,7319,0.004508812679327777
2025-06-11,marketing analytics,26,46,9765,0.004710701484895033
2025-06-11,ai for business,4,68,4265,0.015943728018757326
2025-06-11,customer segmentation,2,27,12251,0.002203901722308383
2025-06-11,sales forecasting,28,46,2259,0.02036299247454626
2025-06-12,marketing analytics,42,63,3041,0.02071686945083854
2025-06-12,ai for business,38,6,3484,0.001722158438576349
2025-06-12,customer segmentation,47,58,6582,0.00881191127316925
2025-06-12,sales forecasting,38,20,5861,0.003412386964681795
2025-06-13,marketing analytics,7,55,12279,0.004479192116621874
2025-06-13,ai for business,38,42,9499,0.004421518054532056
2025-06-13,customer segmentation,12,62,19908,0.003114325899136026
2025-06-13,sales forecasting,23,41,19871,0.0020633083387851642
2025-06-14,marketing analytics,9,18,7293,0.0024681201151789387
2025-06-14,ai for business,13,18,3735,0.004819277108433735
2025-06-14,customer segmentation,8,34,15945,0.002132329883976168
2025-06-14,sales forecasting,33,70,18015,0.0038856508465167916
2025-06-15,marketing analytics,28,84,17830,0.004711160964666293
2025-06-15,ai for business,42,19,17717,0.0010724163233053
2025-06-15,customer segmentation,5,11,12654,0.0008692903429745535
2025-06-15,sales forecasting,2,36,17765,0.0020264565156206025
2025-06-16,marketing analytics,37,12,6426,0.0018674136321195146
2025-06-16,ai for business,20,68,5098,0.013338564142801098
2025-06-16,customer segmentation,46,9,8825,0.0010198300283286118
2025-06-16,sales forecasting,39,65,14658,0.004434438531859736
2025-06-17,marketing analytics,4,18,12398,0.0014518470721084046
2025-06-17,ai for business,6,79,6745,0.011712379540400296
2025-06-17,customer segmentation,19,35,14989,0.002335045700180132
2025-06-17,sales forecasting,8,46,16531,0.0027826507773274453
2025-06-18,marketing analytics,48,19,3161,0.0060107560898449855
2025-06-18,ai for business,39,44,5993,0.0073418988820290335
2025-06-18,customer segmentation,14,19,4492,0.004229741763134461
2025-06-18,sales forecasting,48,36,15334,0.0023477240119994785
2025-06-19,marketing analytics,26,37,18001,0.0020554413643686462
2025-06-19,ai for business,11,62,1764,0.035147392290249435
2025-06-19,customer segmentation,45,84,19168,0.004382303839732888
2025-06-19,sales forecasting,6,35,1989,0.017596782302664656
2025-06-20,marketing analytics,49,17,12527,0.001357068731539874
2025-06-20,ai for business,40,83,2739,0.030303030303030304
2025-06-20,customer segmentation,8,68,2621,0.025944296070202214
2025-06-20,sales forecasting,24,99,8455,0.011709047900650502
2025-06-21,marketing analytics,45,7,14020,0.0004992867332382311
2025-06-21,ai for business,11,14,18141,0.0007717325395512927
2025-06-21,customer segmentation,37,30,15085,0.0019887305270135896
2025-06-21,sales forecasting,8,95,8607,0.011037527593818985
2025-06-22,marketing analytics,7,45,8473,0.005310987843738935
2025-06-22,ai for business,33,54,4480,0.012053571428571429
2025-06-22,customer segmentation,11,62,1490,0.04161073825503356
2025-06-22,sales forecasting,34,98,17068,0.005741738926646356
2025-06-23,marketing analytics,27,71,9935,0.007146451937594363
2025-06-23,ai for business,37,23,9959,0.0023094688221709007
2025-06-23,customer segmentation,29,81,16159,0.005012686428615632
2025-06-23,sales forecasting,48,24,14695,0.0016332085743450153
2025-06-24,marketing analytics,21,30,17642,0.001700487473075615
2025-06-24,ai for business,48,87,14017,0.006206748947706357
2025-06-24,customer segmentation,45,23,11444,0.0020097867878364206
2025-06-24,sales forecasting,38,90,18150,0.0049586776859504135
2025-06-25,marketing analytics,12,14,9354,0.0014966859097712208
2025-06-25,ai for business,32,90,18553,0.00485096749851776
2025-06-25,customer segmentation,38,78,3933,0.019832189168573607
2025-06-25,sales forecasting,21,69,5882,0.011730703842230534
2025-06-26,marketing analytics,11,87,17232,0.00504874651810585
2025-06-26,ai for business,37,80,12916,0.006193868070610096
2025-06-26,customer segmentation,33,87,12537,0.006939459200765733
2025-06-26,sales forecasting,27,74,2002,0.03696303696303696
2025-06-27,marketing analytics,38,94,2084,0.045105566218809984
2025-06-27,ai for business,5,10,9366,0.001067691650651292
2025-06-27,customer segmentation,32,51,17107,0.0029812357514467764
2025-06-27,sales forecasting,48,67,15075,0.0044444444444444444
2025-06-28,marketing analytics,40,64,15101,0.0042381299251705185
2025-06-28,ai for business,24,73,8789,0.00830583684150643
2025-06-28,customer segmentation,41,67,6540,0.010244648318042813
2025-06-28,sales forecasting,19,27,17471,0.001545418121458417
2025-06-29,marketing analytics,13,20,2062,0.009699321047526674
2025-06-29,ai for business,13,88,12724,0.0069160641307764855
2025-06-29,customer segmentation,25,9,12892,0.0006981073533974558
2025-06-29,sales forecasting,46,62,5765,0.01075455333911535
2025-06-30,marketing analytics,33,25,7401,0.0033779219024456155
2025-06-30,ai for business,24,77,12488,0.00616591928251121
2025-06-30,customer segmentation,46,81,3865,0.02095730918499353
2025-06-30,sales forecasting,14,7,17015,0.00041140170437848955
2025-07-01,marketing analytics,6,19,18226,0.0010424668056622408
2025-07-01,ai for business,30,81,10739,0.0075426017320048425
2025-07-01,customer segmentation,23,70,5464,0.01281112737920937
2025-07-01,sales forecasting,15,74,3666,0.020185488270594652
2025-07-02,marketing analytics,9,12,19896,0.0006031363088057901
2025-07-02,ai for business,26,57,19799,0.0028789332794585585
2025-07-02,customer segmentation,7,23,5634,0.0040823571175008875
2025-07-02,sales forecasting,11,54,16681,0.0032372159942449493
2025-07-03,marketing analytics,35,26,8641,0.00300891100567064
2025-07-03,ai for business,19,10,10612,0.0009423294383716547
2025-07-03,customer segmentation,48,58,18836,0.003079210023359524
2025-07-03,sales forecasting,5,80,13453,0.00594662900468297
2025-07-04,marketing analytics,26,37,2166,0.017082179132040628
2025-07-04,ai for business,4,15,16061,0.0009339393562044705
2025-07-04,customer segmentation,40,91,9342,0.00974095482766003
2025-07-04,sales forecasting,4,45,14423,0.003120016640088747
2025-07-05,marketing analytics,10,81,7914,0.01023502653525398
2025-07-05,ai for business,7,93,15568,0.005973792394655704
2025-07-05,customer segmentation,28,9,2543,0.003539127015336217
2025-07-05,sales forecasting,33,47,1223,0.038430089942763694
2025-07-06,marketing analytics,8,91,8238,0.011046370478271426
2025-07-06,ai for business,29,95,3313,0.028674916993661335
2025-07-06,customer segmentation,1,84,6151,0.013656316046171355
2025-07-06,sales forecasting,7,13,6622,0.0019631531259438235
2025-07-07,marketing analytics,33,64,19931,0.003211078219858512
2025-07-07,ai for business,22,78,17372,0.004489983882109141
2025-07-07,customer segmentation,8,17,5739,0.0029621885345879075
2025-07-07,sales forecasting,6,66,13349,0.004944190576073114
2025-07-08,marketing analytics,48,25,18697,0.001337112905813767
2025-07-08,ai for business,15,66,12010,0.005495420482930891
2025-07-08,customer segmentation,37,40,18643,0.0021455774285254517
2025-07-08,sales forecasting,8,63,18166,0.0034680171749421995
2025-07-09,marketing analytics,9,17,17081,0.000995257888882384
2025-07-09,ai for business,16,78,4359,0.017894012388162423
2025-07-09,customer segmentation,39,59,17289,0.0034125744693157497
2025-07-09,sales forecasting,48,29,7625,0.00380327868852459
2025-07-10,marketing analytics,4,82,15795,0.005191516302627414
2025-07-10,ai for business,39,96,5446,0.017627616599338966
2025-07-10,customer segmentation,46,19,7640,0.0024869109947643978
2025-07-10,sales forecasting,30,13,19286,0.0006740640879394379
2025-07-11,marketing analytics,8,67,3352,0.019988066825775655
2025-07-11,ai for business,3,11,7117,0.0015455950540958269
2025-07-11,customer segmentation,30,53,14482,0.0036597155089076096
2025-07-11,sales forecasting,20,78,15925,0.004897959183673469
2025-07-12,marketing analytics,45,15,10446,0.0014359563469270534
2025-07-12,ai for business,45,17,15187,0.0011193784157503127
2025-07-12,customer segmentation,43,17,8813,0.0019289685691591966
2025-07-12,sales forecasting,20,54,7014,0.007698887938408896
2025-07-13,marketing analytics,42,36,11073,0.003251151449471688
2025-07-13,ai for business,35,59,12430,0.004746580852775543
2025-07-13,customer segmentation,35,78,13776,0.005662020905923345
2025-07-13,sales forecasting,16,93,5978,0.015557042489126798
2025-07-14,marketing analytics,18,63,1550,0.04064516129032258
2025-07-14,ai for business,8,83,8083,0.010268464678955834
2025-07-14,customer segmentation,28,34,1407,0.024164889836531627
2025-07-14,sales forecasting,26,50,8531,0.005860977611065526
2025-07-15,marketing analytics,5,36,9072,0.003968253968253968
2025-07-15,ai for business,49,92,4589,0.020047940727827413
2025-07-15,customer segmentation,45,96,6013,0.015965408282055546
2025-07-15,sales forecasting,6,17,4478,0.003796337650736936
2025-07-16,marketing analytics,9,39,16259,0.0023986715050126083
2025-07-16,ai for business,4,5,3618,0.0013819789939192924
2025-07-16,customer segmentation,49,46,13275,0.003465160075329567
2025-07-16,sales forecasting,22,20,3816,0.005241090146750524
2025-07-17,marketing analytics,15,72,7128,0.010101010101010102
2025-07-17,ai for business,37,74,16193,0.004569875872290496
2025-07-17,customer segmentation,29,28,11805,0.0023718763235916983
2025-07-17,sales forecasting,19,86,16400,0.0052439024390243906
2025-07-18,marketing analytics,12,40,4130,0.009685230024213076
2025-07-18,ai for business,45,53,12966,0.0040876137590621624
2025-07-18,customer segmentation,12,89,6336,0.014046717171717172
2025-07-18,sales forecasting,44,22,10368,0.0021219135802469135
2025-07-19,marketing analytics,37,39,11366,0.00343128629245117
2025-07-19,ai for business,48,60,7351,0.008162154808869542
2025-07-19,customer segmentation,23,58,3824,0.015167364016736401
2025-07-19,sales forecasting,1,52,8879,0.005856515373352855
2025-07-20,marketing analytics,44,65,17348,0.0037468296057182383
2025-07-20,ai for business,22,41,16733,0.0024502480129086237
2025-07-20,customer segmentation,1,13,18186,0.0007148355878148026
2025-07-20,sales forecasting,34,24,8773,0.0027356662487176566
2025-07-21,marketing analytics,15,47,7274,0.006461369260379434
2025-07-21,ai for business,34,76,2480,0.03064516129032258
2025-07-21,customer segmentation,14,91,17675,0.005148514851485149
2025-07-21,sales forecasting,14,98,6120,0.016013071895424835
2025-07-22,marketing analytics,14,71,4301,0.01650778888630551
2025-07-22,ai for business,17,14,9745,0.0014366341713699332
2025-07-22,customer segmentation,34,89,16187,0.005498239327855686
2025-07-22,sales forecasting,11,92,6126,0.015017956252040483
2025-07-23,marketing analytics,11,50,3088,0.016191709844559584
2025-07-23,ai for business,13,94,9262,0.010148995897214425
2025-07-23,customer segmentation,28,37,9827,0.0037651368678131678
2025-07-23,sales forecasting,46,7,2868,0.0024407252440725243
2025-07-24,marketing analytics,16,34,9885,0.00343955488113303
2025-07-24,ai for business,1,96,6481,0.014812528930720568
2025-07-24,customer segmentation,12,15,1392,0.010775862068965518
2025-07-24,sales forecasting,41,44,4143,0.010620323437122858
2025-07-25,marketing analytics,15,44,13756,0.00319860424542018
2025-07-25,ai for business,4,19,4994,0.0038045654785742893
2025-07-25,customer segmentation,1,20,14877,0.0013443570612354642
2025-07-25,sales forecasting,16,94,7228,0.013004980630879912
2025-07-26,marketing analytics,40,46,9817,0.004685749210553122
2025-07-26,ai for business,39,50,1238,0.04038772213247173
2025-07-26,customer segmentation,1,31,4722,0.006565014824227023
2025-07-26,sales forecasting,32,88,14538,0.006053102214885128
2025-07-27,marketing analytics,19,89,8866,0.010038348748026168
2025-07-27,ai for business,20,75,8327,0.00900684520235379
2025-07-27,customer segmentation,1,31,11681,0.0026538823730844962
2025-07-27,sales forecasting,8,74,18711,0.003954892843781733
2025-07-28,marketing analytics,30,66,16066,0.004108054276111042
2025-07-28,ai for business,19,82,15653,0.005238612406567431
2025-07-28,customer segmentation,28,88,1995,0.04411027568922306
2025-07-28,sales forecasting,39,62,5931,0.01045354914854156
2025-07-29,marketing analytics,30,22,13298,0.001654384117912468
2025-07-29,ai for business,26,68,7025,0.009679715302491104
2025-07-29,customer segmentation,16,63,18116,0.0034775888717156105
2025-07-29,sales forecasting,18,33,10271,0.003212929607633142
2025-07-30,marketing analytics,34,90,11934,0.007541478129713424
2025-07-30,ai for business,45,33,16765,0.001968386519534745
2025-07-30,customer segmentation,16,48,3390,0.01415929203539823
2025-07-30,sales forecasting,29,53,15620,0.003393085787451985
2025-07-31,marketing analytics,43,48,9131,0.00525681743511116
2025-07-31,ai for business,42,83,1434,0.05788005578800558
2025-07-31,customer segmentation,14,90,5266,0.017090770983668818
2025-07-31,sales forecasting,26,30,7462,0.004020369874028411
2025-08-01,marketing analytics,4,94,18675,0.005033467202141901
2025-08-01,ai for business,14,9,2015,0.004466501240694789
2025-08-01,customer segmentation,48,39,6867,0.005679335954565312
2025-08-01,sales forecasting,18,99,18799,0.0052662375658279695
2025-08-02,marketing analytics,19,44,3694,0.011911207363291824
2025-08-02,ai for business,16,97,1277,0.0759592795614722
2025-08-02,customer segmentation,22,36,5111,0.007043631383290941
2025-08-02,sales forecasting,46,44,18181,0.0024201089049007206
2025-08-03,marketing analytics,8,32,15011,0.0021317700353074413
2025-08-03,ai for business,8,53,13427,0.003947270425262531
2025-08-03,customer segmentation,39,10,3640,0.0027472527472527475
2025-08-03,sales forecasting,12,59,4304,0.01370817843866171
2025-08-04,marketing analytics,3,18,16002,0.0011248593925759281
2025-08-04,ai for business,5,8,16326,0.0004900159255175794
2025-08-04,customer segmentation,47,12,12263,0.0009785533719318274
2025-08-04,sales forecasting,24,50,12493,0.004002241255102857
2025-08-05,marketing analytics,15,70,13285,0.005269100489273617
2025-08-05,ai for business,44,90,7846,0.011470813153199082
2025-08-05,customer segmentation,19,73,14869,0.004909543345214876
2025-08-05,sales forecasting,49,63,18414,0.003421309872922776
2025-08-06,marketing analytics,34,60,7054,0.008505812305075135
2025-08-06,ai for business,36,62,11020,0.005626134301270417
2025-08-06,customer segmentation,45,70,8848,0.007911392405063292
2025-08-06,sales forecasting,23,75,8113,0.009244422531739184
2025-08-07,marketing analytics,40,40,1442,0.027739251040221916
2025-08-07,ai for business,37,64,14645,0.004370092181631956
2025-08-07,customer segmentation,14,98,13587,0.0072127769191138585
2025-08-07,sales forecasting,4,49,1434,0.03417015341701534
2025-08-08,marketing analytics,32,87,2427,0.03584672435105068
2025-08-08,ai for business,7,25,12751,0.001960630538781272
2025-08-08,customer segmentation,4,30,19710,0.0015220700152207
2025-08-08,sales forecasting,38,94,13240,0.007099697885196375
2025-08-09,marketing analytics,19,53,9888,0.005360032362459547
2025-08-09,ai for business,15,30,2556,0.011737089201877934
2025-08-09,customer segmentation,28,5,12355,0.0004046944556859571
2025-08-09,sales forecasting,5,30,5744,0.005222841225626741
2025-08-10,marketing analytics,21,52,17998,0.002889209912212468
2025-08-10,ai for business,17,46,4333,0.010616201246249712
2025-08-10,customer segmentation,12,71,11501,0.006173376228154073
2025-08-10,sales forecasting,49,24,17891,0.0013414565982896429
2025-08-11,marketing analytics,24,36,10990,0.003275705186533212
2025-08-11,ai for business,10,34,9228,0.003684438664932813
2025-08-11,customer segmentation,26,30,8875,0.0033802816901408453
2025-08-11,sales forecasting,34,43,15333,0.0028044087914954672
2025-08-12,marketing analytics,40,6,17676,0.00033944331296673454
2025-08-12,ai for business,48,41,2968,0.013814016172506738
2025-08-12,customer segmentation,33,51,11891,0.004288958035489026
2025-08-12,sales forecasting,23,59,15131,0.003899279624611724
2025-08-13,marketing analytics,41,80,16839,0.004750875942751945
2025-08-13,ai for business,35,18,1171,0.015371477369769428
2025-08-13,customer segmentation,4,88,18024,0.004882379050155349
2025-08-13,sales forecasting,20,62,6115,0.010139002452984464
2025-08-14,marketing analytics,30,83,4075,0.020368098159509202
2025-08-14,ai for business,19,40,3668,0.010905125408942203
2025-08-14,customer segmentation,10,26,10657,0.00243971098808295
2025-08-14,sales forecasting,48,80,3035,0.026359143327841845
2025-08-15,marketing analytics,20,16,4245,0.003769140164899882
2025-08-15,ai for business,16,32,9271,0.0034516233416028476
2025-08-15,customer segmentation,35,13,12690,0.001024428684003152
2025-08-15,sales forecasting,12,16,13035,0.001227464518603759
2025-08-16,marketing analytics,44,95,18528,0.005127374784110536
2025-08-16,ai for business,16,69,15386,0.004484596386325231
2025-08-16,customer segmentation,4,89,19372,0.00459425975634937
2025-08-16,sales forecasting,16,90,14585,0.0061707233459033254
2025-08-17,marketing analytics,46,35,3042,0.011505588428665352
2025-08-17,ai for business,13,76,8892,0.008547008547008548
2025-08-17,customer segmentation,17,8,4126,0.0019389238972370335
2025-08-17,sales forecasting,36,62,17677,0.003507382474401765
2025-08-18,marketing analytics,48,5,16068,0.00031117749564351505
2025-08-18,ai for business,18,79,16552,0.004772837119381344
2025-08-18,customer segmentation,35,74,14475,0.005112262521588947
2025-08-18,sales forecasting,36,27,2999,0.009003001000333445
2025-08-19,marketing analytics,28,11,3034,0.0036255767963085037
2025-08-19,ai for business,38,21,5555,0.0037803780378037805
2025-08-19,customer segmentation,12,13,16615,0.0007824255191092387
2025-08-19,sales forecasting,24,19,11784,0.0016123557365919892
2025-08-20,marketing analytics,21,89,5406,0.016463189049204588
2025-08-20,ai for business,22,88,1905,0.046194225721784776
2025-08-20,customer segmentation,46,85,1558,0.05455712451861361
2025-08-20,sales forecasting,7,95,2358,0.04028837998303647
2025-08-21,marketing analytics,3,71,5628,0.01261549395877754
2025-08-21,ai for business,15,81,6622,0.01223195409241921
2025-08-21,customer segmentation,17,75,10797,0.006946373992775771
2025-08-21,sales forecasting,49,54,15938,0.0033881289998745137
2025-08-22,marketing analytics,12,95,5352,0.01775037369207773
2025-08-22,ai for business,44,19,11476,0.0016556291390728477
2025-08-22,customer segmentation,37,62,11401,0.005438119463204982
2025-08-22,sales forecasting,24,59,19791,0.002981153049365873
2025-08-23,marketing analytics,32,34,16707,0.0020350751182139225
2025-08-23,ai for business,41,75,6377,0.011761016151795515
2025-08-23,customer segmentation,45,67,17209,0.0038933116392585276
2025-08-23,sales forecasting,41,10,6971,0.0014345144168698895
2025-08-24,marketing analytics,44,95,17215,0.00551844321812373
2025-08-24,ai for business,38,34,9653,0.0035222210711695844
2025-08-24,customer segmentation,42,60,10997,0.005456033463671911
2025-08-24,sales forecasting,47,95,2548,0.03728414442700157
2025-08-25,marketing analytics,13,58,10849,0.005346114849294866
2025-08-25,ai for business,18,34,8855,0.0038396386222473177
2025-08-25,customer segmentation,8,90,14610,0.006160164271047228
2025-08-25,sales forecasting,33,95,11176,0.008500357909806728
2025-08-26,marketing analytics,8,49,12158,0.004030268136206613
2025-08-26,ai for business,47,97,6523,0.014870458378046911
2025-08-26,customer segmentation,42,30,18492,0.0016223231667748216
2025-08-26,sales forecasting,16,79,9234,0.00855533896469569
2025-08-27,marketing analytics,9,76,5071,0.014987182015381581
2025-08-27,ai for business,22,22,15205,0.0014468924695823743
2025-08-27,customer segmentation,14,56,11790,0.004749787955894826
2025-08-27,sales forecasting,22,52,11866,0.004382268666779033
2025-08-28,marketing analytics,8,72,4874,0.014772260976610586
2025-08-28,ai for business,41,67,2059,0.03254006799417193
2025-08-28,customer segmentation,31,68,9729,0.006989413094871004
2025-08-28,sales forecasting,35,18,11400,0.0015789473684210526
2025-08-29,marketing analytics,13,47,15489,0.0030344115178513784
2025-08-29,ai for business,38,93,12740,0.007299843014128728
2025-08-29,customer segmentation,15,16,14295,0.0011192724728926197
2025-08-29,sales forecasting,33,68,16741,0.004061883997371722
2025-08-30,marketing analytics,7,52,12224,0.004253926701570681
2025-08-30,ai for business,34,80,7519,0.01063971272775635
2025-08-30,customer segmentation,23,38,16803,0.0022615009224543235
2025-08-30,sales forecasting,22,77,11184,0.00688483547925608
2025-08-31,marketing analytics,5,92,11273,0.00816109287678524
2025-08-31,ai for business,8,33,11214,0.0029427501337613697
2025-08-31,customer segmentation,9,15,16360,0.0009168704156479218
2025-08-31,sales forecasting,17,81,10471,0.007735650845191481
2025-09-01,marketing analytics,25,55,4551,0.012085255987695012
2025-09-01,ai for business,39,71,18703,0.003796182430626103
2025-09-01,customer segmentation,48,97,7226,0.01342374757818987
2025-09-01,sales forecasting,15,55,5989,0.009183503088996493
2025-09-02,marketing analytics,11,15,4544,0.003301056338028169
2025-09-02,ai for business,9,65,16910,0.00384387936132466
2025-09-02,customer segmentation,27,37,13393,0.002762637198536549
2025-09-02,sales forecasting,40,86,8279,0.010387727986471796
2025-09-03,marketing analytics,6,53,3999,0.013253313328332083
2025-09-03,ai for business,34,24,18073,0.0013279477673878162
2025-09-03,customer segmentation,29,90,11064,0.008134490238611713
2025-09-03,sales forecasting,21,58,10336,0.005611455108359133
2025-09-04,marketing analytics,14,32,10531,0.003038647801728231
2025-09-04,ai for business,30,57,14312,0.00398267188373393
2025-09-04,customer segmentation,29,66,3308,0.01995163240628779
2025-09-04,sales forecasting,28,35,15549,0.0022509486140587817
2025-09-05,marketing analytics,13,32,5277,0.006064051544438127
2025-09-05,ai for business,33,63,14067,0.004478566858605247
2025-09-05,customer segmentation,23,11,3909,0.0028140189306728063
2025-09-05,sales forecasting,7,59,16223,0.0036368119336744127
2025-09-06,marketing analytics,13,27,8719,0.003096685399701801
2025-09-06,ai for business,26,60,17607,0.0034077355597205657
2025-09-06,customer segmentation,12,89,14247,0.006246929178072577
2025-09-06,sales forecasting,28,52,14639,0.0035521552018580502
2025-09-07,marketing analytics,13,84,1256,0.06687898089171974
2025-09-07,ai for business,4,12,16479,0.0007281995266703076
2025-09-07,customer segmentation,41,50,8505,0.005878894767783657
2025-09-07,sales forecasting,7,68,6332,0.010739102969046115
2025-09-08,marketing analytics,41,6,10336,0.0005804953560371517
2025-09-08,ai for business,7,78,11661,0.006688963210702341
2025-09-08,customer segmentation,41,58,11373,0.005099797766640288
2025-09-08,sales forecasting,32,25,9031,0.0027682427195216477
2025-09-09,marketing analytics,19,91,13917,0.006538765538549975
2025-09-09,ai for business,41,32,5851,0.0054691505725517
2025-09-09,customer segmentation,35,11,12581,0.0008743343136475638
2025-09-09,sales forecasting,49,76,13366,0.005686069130629957
2025-09-10,marketing analytics,26,71,6189,0.01147196639198578
2025-09-10,ai for business,41,22,3270,0.00672782874617737
2025-09-10,customer segmentation,14,18,19712,0.0009131493506493506
2025-09-10,sales forecasting,27,73,14935,0.0048878473384666886
2025-09-11,marketing analytics,3,26,16427,0.0015827600900955743
2025-09-11,ai for business,6,92,18175,0.005061898211829436
2025-09-11,customer segmentation,15,10,9825,0.0010178117048346056
2025-09-11,sales forecasting,5,64,11092,0.00576992426974396
2025-09-12,marketing analytics,6,94,17313,0.00542944608097961
2025-09-12,ai for business,15,76,9769,0.007779711331763742
2025-09-12,customer segmentation,17,78,13499,0.005778205793021705
2025-09-12,sales forecasting,34,94,5956,0.0157824042981867
2025-09-13,marketing analytics,30,48,6269,0.007656723560376456
2025-09-13,ai for business,33,92,3997,0.023017262947210407
2025-09-13,customer segmentation,16,45,9023,0.0049872547933059955
2025-09-13,sales forecasting,18,98,6914,0.01417413942724906
2025-09-14,marketing analytics,25,26,16875,0.0015407407407407407
2025-09-14,ai for business,44,98,19980,0.004904904904904905
2025-09-14,customer segmentation,9,87,12555,0.006929510155316607
2025-09-14,sales forecasting,20,46,5200,0.008846153846153846
2025-09-15,marketing analytics,5,51,14765,0.003454114459871317
2025-09-15,ai for business,14,30,13002,0.0023073373327180432
2025-09-15,customer segmentation,49,23,16915,0.0013597398758498373
2025-09-15,sales forecasting,39,84,19435,0.004322099305376898
2025-09-16,marketing analytics,31,91,7248,0.012555187637969095
2025-09-16,ai for business,10,42,17976,0.002336448598130841
2025-09-16,customer segmentation,30,62,15527,0.003993044374315708
2025-09-16,sales forecasting,25,54,3770,0.014323607427055704
2025-09-17,marketing analytics,10,69,12106,0.005699653064596068
2025-09-17,ai for business,6,16,9333,0.0017143469409621772
2025-09-17,customer segmentation,17,88,5320,0.016541353383458645
2025-09-17,sales forecasting,19,45,12496,0.0036011523687580027
2025-09-18,marketing analytics,13,69,11179,0.006172287324447625
2025-09-18,ai for business,20,97,10368,0.00935570987654321
2025-09-18,customer segmentation,10,67,14947,0.004482504850471666
2025-09-18,sales forecasting,43,92,6934,0.013267955004326508
2025-09-19,marketing analytics,22,50,1633,0.03061849357011635
2025-09-19,ai for business,4,54,3569,0.015130288596245448
2025-09-19,customer segmentation,39,34,19099,0.001780197916121263
2025-09-19,sales forecasting,35,99,10254,0.00965476887068461
2025-09-20,marketing analytics,44,81,17831,0.0045426504402445176
2025-09-20,ai for business,1,68,6358,0.0106951871657754
2025-09-20,customer segmentation,43,56,1684,0.0332541567695962
2025-09-20,sales forecasting,11,88,13514,0.006511765576439248
2025-09-21,marketing analytics,11,34,11355,0.002994275649493615
2025-09-21,ai for business,24,73,11142,0.006551786034823192
2025-09-21,customer segmentation,18,86,9098,0.009452626950978238
2025-09-21,sales forecasting,17,83,17177,0.004832042847994411
2025-09-22,marketing analytics,31,70,2656,0.02635542168674699
2025-09-22,ai for business,7,69,2783,0.024793388429752067
2025-09-22,customer segmentation,23,53,3438,0.015415939499709133
2025-09-22,sales forecasting,7,70,9865,0.007095793208312215
2025-09-23,marketing analytics,23,74,6915,0.010701373825018077
2025-09-23,ai for business,1,36,3271,0.011005808621216754
2025-09-23,customer segmentation,23,18,18722,0.0009614357440444397
2025-09-23,sales forecasting,25,17,1844,0.009219088937093275
2025-09-24,marketing analytics,32,70,8978,0.007796836711962575
2025-09-24,ai for business,3,64,1545,0.041423948220064725
2025-09-24,customer segmentation,36,26,17287,0.0015040203621218256
2025-09-24,sales forecasting,43,86,16931,0.005079440080326029
2025-09-25,marketing analytics,2,23,7700,0.0029870129870129872
2025-09-25,ai for business,2,7,5469,0.0012799414883891023
2025-09-25,customer segmentation,23,61,18168,0.003357551739321885
2025-09-25,sales forecasting,10,64,9257,0.006913686939613265
2025-09-26,marketing analytics,29,65,5710,0.01138353765323993
2025-09-26,ai for business,11,6,4376,0.0013711151736745886
2025-09-26,customer segmentation,40,97,7730,0.012548512289780078
2025-09-26,sales forecasting,9,55,16790,0.003275759380583681
2025-09-27,marketing analytics,35,23,12521,0.0018369139845060298
2025-09-27,ai for business,41,84,11328,0.007415254237288136
2025-09-27,customer segmentation,49,82,3213,0.025521319638966696
2025-09-27,sales forecasting,5,81,6744,0.01201067615658363
2025-09-28,marketing analytics,32,44,17186,0.002560223437681834
2025-09-28,ai for business,1,77,6808,0.011310223266745006
2025-09-28,customer segmentation,36,9,16656,0.0005403458213256485
2025-09-28,sales forecasting,43,27,1320,0.020454545454545454
2025-09-29,marketing analytics,19,19,8443,0.002250384934265072
2025-09-29,ai for business,39,16,19025,0.0008409986859395532
2025-09-29,customer segmentation,8,60,1214,0.04942339373970346
2025-09-29,sales forecasting,28,35,17991,0.001945417153020955
2025-09-30,marketing analytics,38,97,19150,0.005065274151436031
2025-09-30,ai for business,28,62,16711,0.0037101310514032673
2025-09-30,customer segmentation,3,7,17105,0.00040923706518561825
2025-09-30,sales forecasting,9,31,10655,0.0029094321914594086
2025-10-01,marketing analytics,49,71,18537,0.0038301774828720936
2025-10-01,ai for business,37,47,4426,0.010619069136918211
2025-10-01,customer segmentation,32,30,19093,0.001571256481432986
2025-10-01,sales forecasting,32,65,12723,0.00510885797374833
2025-10-02,marketing analytics,2,88,3676,0.023939064200217627
2025-10-02,ai for business,21,26,12973,0.002004162491328143
2025-10-02,customer segmentation,48,23,3222,0.007138423339540658
2025-10-02,sales forecasting,23,8,2405,0.0033264033264033266
2025-10-03,marketing analytics,29,67,8799,0.0076145016479145355
2025-10-03,ai for business,7,78,13984,0.0055778032036613275
2025-10-03,customer segmentation,36,84,19294,0.004353685083445631
2025-10-03,sales forecasting,23,31,8446,0.0036703765095903386
2025-10-04,marketing analytics,35,82,4956,0.016545601291364002
2025-10-04,ai for business,19,95,10715,0.008866075594960336
2025-10-04,customer segmentation,42,57,6322,0.009016134134767479
2025-10-04,sales forecasting,45,5,19702,0.0002537813419957365
2025-10-05,marketing analytics,2,56,5895,0.009499575911789652
2025-10-05,ai for business,39,86,7850,0.010955414012738853
2025-10-05,customer segmentation,44,83,17360,0.00478110599078341
2025-10-05,sales forecasting,2,76,15935,0.00476937558832758
2025-10-06,marketing analytics,26,78,16804,0.0046417519638181385
2025-10-06,ai for business,42,38,19511,0.0019476192916816155
2025-10-06,customer segmentation,37,51,15974,0.003192688118192062
2025-10-06,sales forecasting,17,86,8021,0.010721855130283007
2025-10-07,marketing analytics,37,29,15094,0.0019212932290976546
2025-10-07,ai for business,1,27,18376,0.0014693077927731824
2025-10-07,customer segmentation,18,24,5761,0.004165943412601979
2025-10-07,sales forecasting,46,84,1309,0.06417112299465241
2025-10-08,marketing analytics,25,55,17749,0.0030987661276691645
2025-10-08,ai for business,10,54,15399,0.0035067212156633548
2025-10-08,customer segmentation,38,21,9507,0.002208898706216472
2025-10-08,sales forecasting,25,69,1623,0.04251386321626617
2025-10-09,marketing analytics,6,7,13315,0.0005257228689447991
2025-10-09,ai for business,38,88,1297,0.06784888203546646
2025-10-09,customer segmentation,42,95,8727,0.010885756846568121
2025-10-09,sales forecasting,34,21,16773,0.0012520121624038634
2025-10-10,marketing analytics,30,67,10791,0.0062088777685107965
2025-10-10,ai for business,34,44,14712,0.002990755845568244
2025-10-10,customer segmentation,46,48,12952,0.0037059913526868438
2025-10-10,sales forecasting,7,35,1164,0.03006872852233677
2025-10-11,marketing analytics,47,85,12331,0.006893196010055957
2025-10-11,ai for business,31,95,5880,0.016156462585034014
2025-10-11,customer segmentation,30,13,19613,0.0006628256768469893
2025-10-11,sales forecasting,12,65,6256,0.01039002557544757
2025-10-12,marketing analytics,47,96,9708,0.009888751545117428
2025-10-12,ai for business,19,56,7931,0.00706090026478376
2025-10-12,customer segmentation,24,61,8755,0.006967447173043975
2025-10-12,sales forecasting,23,86,10782,0.007976256724169913
2025-10-13,marketing analytics,13,94,6777,0.013870444149328611
2025-10-13,ai for business,37,82,5953,0.013774567444985722
2025-10-13,customer segmentation,36,24,12333,0.0019459985405010946
2025-10-13,sales forecasting,28,87,8022,0.010845175766641735
